DBN,School,Grade,Year,Category,ELA Mean Scale Score,Chronic Absence,Economic Need Index,City
01M015,P.S. 015 Roberto Clemente,All Grades,2018,All Students,610,24.2,0.8896,MANHATTAN
01M019,P.S. 019 Asher Levy,All Grades,2018,All Students,604,32.8,0.6786,MANHATTAN
01M020,P.S. 020 Anna Silver,All Grades,2018,All Students,596,31.3,0.8000,MANHATTAN
01M034,P.S. 034 Franklin D. Roosevelt,All Grades,2018,All Students,593,47.1,0.9367,MANHATTAN
01M063,The STAR Academy - P.S.63,All Grades,2018,All Students,607,33.6,0.7620,MANHATTAN
01M064,P.S. 064 Robert Simon,All Grades,2018,All Students,596,47.9,0.8824,MANHATTAN
01M110,P.S. 110 Florence Nightingale,All Grades,2018,All Students,613,23.7,0.5800,MANHATTAN
01M134,P.S. 134 Henrietta Szold,All Grades,2018,All Students,592,47.6,0.9015,MANHATTAN
01M140,P.S. 140 Nathan Straus,All Grades,2018,All Students,594,48.4,0.9126,MANHATTAN
01M142,P.S. 142 Amalia Castro,All Grades,2018,All Students,596,37,0.9115,MANHATTAN
01M184,P.S. 184m Shuang Wen,All Grades,2018,All Students,612,4.5,0.6532,MANHATTAN
01M188,P.S. 188 The Island School,All Grades,2018,All Students,599,50.8,0.9500,MANHATTAN
01M301,"Technology, Arts, and Sciences Studio",All Grades,2018,All Students,596,29.7,0.8994,MANHATTAN
01M315,The East Village Community School,All Grades,2018,All Students,610,14.9,0.3692,MANHATTAN
01M332,University Neighborhood Middle School,All Grades,2018,All Students,592,27.4,0.8484,MANHATTAN
01M361,The Children's Workshop School,All Grades,2018,All Students,608,26.8,0.5052,MANHATTAN
01M363,Neighborhood School,All Grades,2018,All Students,605,19.4,0.4779,MANHATTAN
01M364,Earth School,All Grades,2018,All Students,600,24.3,0.5539,MANHATTAN
01M378,School for Global Leaders,All Grades,2018,All Students,594,40.4,0.8532,MANHATTAN
01M450,East Side Community School,All Grades,2018,All Students,603,12,0.6288,MANHATTAN
01M539,"New Explorations into Science, Technology and Math",All Grades,2018,All Students,630,6.6,0.2820,MANHATTAN
01M839,Tompkins Square Middle School,All Grades,2018,All Students,606,13.3,0.6799,MANHATTAN
02M001,P.S. 001 Alfred E. Smith,All Grades,2018,All Students,604,18.6,0.8426,MANHATTAN
02M002,P.S. 002 Meyer London,All Grades,2018,All Students,609,13.1,0.9104,MANHATTAN
02M003,P.S. 003 Charrette School,All Grades,2018,All Students,614,20.4,0.2016,MANHATTAN
02M006,P.S. 006 Lillie D. Blake,All Grades,2018,All Students,623,7.4,0.1239,MANHATTAN
02M011,P.S. 011 William T. Harris,All Grades,2018,All Students,614,13.5,0.3437,MANHATTAN
02M033,P.S. 033 Chelsea Prep,All Grades,2018,All Students,613,27,0.4994,MANHATTAN
02M040,P.S. 040 Augustus Saint-Gaudens,All Grades,2018,All Students,625,7.7,0.1642,MANHATTAN
02M041,P.S. 041 Greenwich Village,All Grades,2018,All Students,622,4.1,0.0784,MANHATTAN
02M042,P.S. 042 Benjamin Altman,All Grades,2018,All Students,609,7.3,0.8243,MANHATTAN
02M051,P.S. 051 Elias Howe,All Grades,2018,All Students,602,32.4,0.6015,MANHATTAN
02M059,P.S. 059 Beekman Hill International,All Grades,2018,All Students,620,7.9,0.0866,MANHATTAN
02M077,P.S. 77 Lower Lab School,All Grades,2018,All Students,630,1.4,0.0968,MANHATTAN
02M089,P.S. 89,All Grades,2018,All Students,619,3.8,0.0738,MANHATTAN
02M104,J.H.S. 104 Simon Baruch,All Grades,2018,All Students,613,9,0.4260,MANHATTAN
02M111,P.S. 111 Adolph S. Ochs,All Grades,2018,All Students,602,36.7,0.6287,MANHATTAN
02M114,East Side Middle School,All Grades,2018,All Students,626,1.1,0.1099,MANHATTAN
02M116,P.S. 116 Mary Lindley Murray,All Grades,2018,All Students,609,17.7,0.3533,MANHATTAN
02M124,P.S. 124 Yung Wing,All Grades,2018,All Students,619,3.5,0.6577,MANHATTAN
02M126,P.S. 126 Jacob August Riis,All Grades,2018,All Students,609,11.3,0.7797,MANHATTAN
02M130,P.S. 130 Hernando De Soto,All Grades,2018,All Students,618,3.1,0.6045,MANHATTAN
02M131,M.S. 131,All Grades,2018,All Students,597,7,0.8572,MANHATTAN
02M150,P.S. 150,All Grades,2018,All Students,624,4.2,0.1468,MANHATTAN
02M151,Yorkville Community School,All Grades,2018,All Students,611,21.9,0.4021,MANHATTAN
02M158,P.S. 158 Bayard Taylor,All Grades,2018,All Students,620,9.3,0.1097,MANHATTAN
02M167,J.H.S. 167 Robert F. Wagner,All Grades,2018,All Students,615,8.8,0.2980,MANHATTAN
02M177,Yorkville East Middle School,All Grades,2018,All Students,611,9.4,0.3277,MANHATTAN
02M183,P.S. 183 Robert L. Stevenson,All Grades,2018,All Students,621,6.6,0.0594,MANHATTAN
02M198,P.S. 198 Isador E. Ida Straus,All Grades,2018,All Students,618,15.2,0.3623,MANHATTAN
02M212,P.S. 212 Midtown West,All Grades,2018,All Students,617,16.9,0.2600,MANHATTAN
02M217,P.S./I.S. 217 Roosevelt Island,All Grades,2018,All Students,613,14,0.2804,MANHATTAN
02M225,Ella Baker School,All Grades,2018,All Students,611,22.1,0.3438,MANHATTAN
02M234,P.S. 234 Independence School,All Grades,2018,All Students,617,10,0.0887,MANHATTAN
02M255,M.S. 255 Salk School of Science,All Grades,2018,All Students,622,2.5,0.1455,MANHATTAN
02M260,M.S. 260 Clinton School Writers & Artists,All Grades,2018,All Students,621,9.2,0.2040,MANHATTAN
02M267,"East Side Elementary School, PS 267",All Grades,2018,All Students,619,8.8,0.0767,MANHATTAN
02M276,Battery Park City School,All Grades,2018,All Students,615,8.8,0.1489,MANHATTAN
02M281,The River School,All Grades,2018,All Students,617,15.5,0.1835,MANHATTAN
02M289,I.S. 289,All Grades,2018,All Students,612,6.3,0.4606,MANHATTAN
02M290,P.S. 290 Manhattan New School,All Grades,2018,All Students,623,6.8,0.1064,MANHATTAN
02M297,M.S. 297,All Grades,2018,All Students,606,15.5,0.2935,MANHATTAN
02M312,New York City Lab Middle School for Collaborative,All Grades,2018,All Students,621,1.9,0.3836,MANHATTAN
02M340,Sixth Avenue Elementary School,All Grades,2018,All Students,612,13.3,0.1376,MANHATTAN
02M343,The Peck Slip School,All Grades,2018,All Students,611,7,0.1072,MANHATTAN
02M347,The 47 American Sign Language & English Lower Scho,All Grades,2018,All Students,607,43.5,0.6855,MANHATTAN
02M397,Spruce Street School,All Grades,2018,All Students,616,10.7,0.1365,MANHATTAN
02M407,Institute for Collaborative Education,All Grades,2018,All Students,608,13.3,0.3312,MANHATTAN
02M408,Professional Performing Arts High School,All Grades,2018,All Students,618,15.7,0.3891,MANHATTAN
02M413,School of the Future High School,All Grades,2018,All Students,611,10.5,0.4203,MANHATTAN
02M422,Quest to Learn,All Grades,2018,All Students,601,36.7,0.6295,MANHATTAN
02M442,"Ballet Tech, NYC Public School for Dance",All Grades,2018,All Students,617,4.1,0.4515,MANHATTAN
02M527,P.S. 527 - East Side School for Social Action,All Grades,2018,All Students,620,8.4,0.1793,MANHATTAN
02M655,Life Sciences Secondary School,All Grades,2018,All Students,599,62.7,0.8549,MANHATTAN
02M896,Lower Manhattan Community Middle School,All Grades,2018,All Students,609,7,0.5863,MANHATTAN
02M933,City Knoll Middle School,All Grades,2018,All Students,598,33,0.7019,MANHATTAN
03M009,P.S. 009 Sarah Anderson,All Grades,2018,All Students,617,10.3,0.1960,MANHATTAN
03M054,J.H.S. 054 Booker T. Washington,All Grades,2018,All Students,622,5.5,0.2194,MANHATTAN
03M075,P.S. 075 Emily Dickinson,All Grades,2018,All Students,601,21.9,0.6877,MANHATTAN
03M076,P.S. 076 A. Philip Randolph,All Grades,2018,All Students,591,47.4,0.9194,MANHATTAN
03M084,P.S. 084 Lillian Weber,All Grades,2018,All Students,610,19.9,0.4401,MANHATTAN
03M087,P.S. 087 William Sherman,All Grades,2018,All Students,618,9.3,0.1200,MANHATTAN
03M145,"P.S. 145, The Bloomingdale School",All Grades,2018,All Students,588,48.3,0.8506,MANHATTAN
03M149,P.S. 149 Sojourner Truth,All Grades,2018,All Students,589,22.1,0.9339,MANHATTAN
03M163,P.S. 163 Alfred E. Smith,All Grades,2018,All Students,609,22.6,0.5088,MANHATTAN
03M165,P.S. 165 Robert E. Simon,All Grades,2018,All Students,598,34.7,0.7115,MANHATTAN
03M166,P.S. 166 The Richard Rodgers School of The Arts an,All Grades,2018,All Students,623,6,0.1866,MANHATTAN
03M180,P.S. 180 Hugo Newman,All Grades,2018,All Students,597,33.5,0.7074,MANHATTAN
03M191,The Riverside School for Makers and Artists,All Grades,2018,All Students,593,36.2,0.7200,MANHATTAN
03M199,P.S. 199 Jessie Isador Straus,All Grades,2018,All Students,622,6.7,0.0953,MANHATTAN
03M208,The Alain L. Locke Magnet School for Environmental,All Grades,2018,All Students,593,6.7,0.0953,MANHATTAN
03M241,STEM Institute of Manhattan,All Grades,2018,All Students,595,31,0.9011,MANHATTAN
03M242,P.S. 242 - The Young Diplomats Magnet Academy,All Grades,2018,All Students,596,39.2,0.8755,MANHATTAN
03M243,M.S. 243 Center School,All Grades,2018,All Students,623,0.8,0.2276,MANHATTAN
03M245,M.S. M245 The Computer School,All Grades,2018,All Students,616,5.4,0.3213,MANHATTAN
03M247,M.S. M247 Dual Language Middle School,All Grades,2018,All Students,602,14.9,0.8615,MANHATTAN
03M250,M.S. 250 West Side Collaborative Middle School,All Grades,2018,All Students,594,25.4,0.7466,MANHATTAN
03M256,Lafayette Academy,All Grades,2018,All Students,602,25.6,0.8300,MANHATTAN
03M258,Community Action School - MS 258,All Grades,2018,All Students,602,24.3,0.7406,MANHATTAN
03M291,West End Secondary School,All Grades,2018,All Students,615,6.5,0.1934,MANHATTAN
03M333,P.S. 333 Manhattan School for Children,All Grades,2018,All Students,614,14.3,0.2946,MANHATTAN
03M334,The Anderson School,All Grades,2018,All Students,630,1.3,0.1422,MANHATTAN
03M415,Wadleigh Secondary School for the Performing & Vis,All Grades,2018,All Students,595,43,0.8498,MANHATTAN
03M421,West Prep Academy,All Grades,2018,All Students,602,29.3,0.8176,MANHATTAN
03M452,P.S. 452,All Grades,2018,All Students,620,12.4,0.2543,MANHATTAN
03M859,Special Music School,All Grades,2018,All Students,632,14.4,0.3183,MANHATTAN
03M860,Frederick Douglass Academy II Secondary School,All Grades,2018,All Students,595,48.5,0.8687,MANHATTAN
03M862,Mott Hall II,All Grades,2018,All Students,611,11.2,0.5882,MANHATTAN
04M007,P.S. 007 Samuel Stern,All Grades,2018,All Students,598,48.2,0.9422,MANHATTAN
04M012,Tag Young Scholars,All Grades,2018,All Students,630,5,0.4200,MANHATTAN
04M037,River East Elementary,All Grades,2018,All Students,605,39.3,0.8758,MANHATTAN
04M038,P.S. 38 Roberto Clemente,All Grades,2018,All Students,584,53.7,0.9302,MANHATTAN
04M050,P.S. 050 Vito Marcantonio,All Grades,2018,All Students,588,53.7,0.9302,MANHATTAN
04M057,James Weldon Johnson,All Grades,2018,All Students,594,37.7,0.9348,MANHATTAN
04M072,The Lexington Academy,All Grades,2018,All Students,594,41.6,0.9145,MANHATTAN
04M083,P.S. 083 Luis Munoz Rivera,All Grades,2018,All Students,601,33.2,0.8377,MANHATTAN
04M096,P.S. 096 Joseph Lanzetta,All Grades,2018,All Students,588,45.3,0.9500,MANHATTAN
04M102,P.S. 102 Jacques Cartier,All Grades,2018,All Students,598,47.6,0.8443,MANHATTAN
04M108,P.S. 108 Assemblyman Angelo Del Toro Educational C,All Grades,2018,All Students,593,44.5,0.9281,MANHATTAN
04M146,P.S. 146 Ann M. Short,All Grades,2018,All Students,594,42.6,0.9443,MANHATTAN
04M155,P.S. 155 William Paca,All Grades,2018,All Students,588,35.4,0.9500,MANHATTAN
04M171,P.S. 171 Patrick Henry,All Grades,2018,All Students,612,27.9,0.7791,MANHATTAN
04M182,The Bilingual Bicultural School,All Grades,2018,All Students,599,31,0.9316,MANHATTAN
04M206,P.S. 206 Jose Celso Barbosa,All Grades,2018,All Students,592,31,0.8880,MANHATTAN
04M224,M.S. 224 Manhattan East School for Arts & Academic,All Grades,2018,All Students,605,17.1,0.7356,MANHATTAN
04M372,Esperanza Preparatory Academy,All Grades,2018,All Students,589,36.5,0.9322,MANHATTAN
04M375,Mosaic Preparatory Academy,All Grades,2018,All Students,595,61.1,0.9500,MANHATTAN
04M377,Renaissance School of the Arts,All Grades,2018,All Students,597,28.6,0.9500,MANHATTAN
04M406,Global Technology Preparatory,All Grades,2018,All Students,594,28.6,0.9500,MANHATTAN
04M497,Central Park East I,All Grades,2018,All Students,602,24,0.5361,MANHATTAN
04M610,Young Women's Leadership School,All Grades,2018,All Students,609,16.8,0.7825,MANHATTAN
04M825,Isaac Newton Middle School for Math & Science,All Grades,2018,All Students,599,24.9,0.8819,MANHATTAN
04M964,Central Park East II,All Grades,2018,All Students,603,27.8,0.5848,MANHATTAN
05M030,P.S. 030 Hernandez/Hughes,All Grades,2018,All Students,600,44.1,0.9500,MANHATTAN
05M036,P.S. 036 Margaret Douglas,All Grades,2018,All Students,595,44.6,0.8938,MANHATTAN
05M046,P.S. 046 Arthur Tappan,All Grades,2018,All Students,592,48.7,0.9500,MANHATTAN
05M092,P.S. 092 Mary McLeod Bethune,All Grades,2018,All Students,592,47.6,0.9500,MANHATTAN
05M123,P.S. 123 Mahalia Jackson,All Grades,2018,All Students,591,37.2,0.9351,MANHATTAN
05M125,P.S. 125 Ralph Bunche,All Grades,2018,All Students,603,35.5,0.6533,MANHATTAN
05M129,P.S. 129 John H. Finley,All Grades,2018,All Students,596,46.7,0.9360,MANHATTAN
05M133,P.S. 133 Fred R Moore,All Grades,2018,All Students,588,45.6,0.8985,MANHATTAN
05M148,Eagle Academy for Young Men of Harlem,All Grades,2018,All Students,590,50,0.8287,MANHATTAN
05M154,P.S. 154 Harriet Tubman,All Grades,2018,All Students,586,37,0.9500,MANHATTAN
05M161,P.S. 161 Pedro Albizu Campos,All Grades,2018,All Students,592,39.6,0.9390,MANHATTAN
05M175,P.S. 175 Henry H Garnet,All Grades,2018,All Students,594,44.9,0.9264,MANHATTAN
05M194,P.S. 194 Countee Cullen,All Grades,2018,All Students,590,31,0.9500,MANHATTAN
05M197,P.S. 197 John B. Russwurm,All Grades,2018,All Students,587,47.9,0.9254,MANHATTAN
05M200,P.S. 200- The James Mccune Smith School,All Grades,2018,All Students,594,56.7,0.9395,MANHATTAN
05M286,Urban Assembly Academy for Future Leaders,All Grades,2018,All Students,592,54,0.9155,MANHATTAN
05M302,KAPPA IV,All Grades,2018,All Students,585,54,0.9155,MANHATTAN
05M318,Thurgood Marshall Academy Lower School,All Grades,2018,All Students,601,32.1,0.8215,MANHATTAN
05M362,Columbia Secondary School,All Grades,2018,All Students,622,15.7,0.5540,MANHATTAN
05M499,Frederick Douglass Academy,All Grades,2018,All Students,590,31.7,0.8031,MANHATTAN
05M514,New Design Middle School,All Grades,2018,All Students,591,61.9,0.8942,MANHATTAN
05M517,Teachers College Community School,All Grades,2018,All Students,603,17.2,0.5841,MANHATTAN
05M670,Thurgood Marshall Academy for Learning and Social,All Grades,2018,All Students,597,21,0.7931,MANHATTAN
06M004,P.S. 004 Duke Ellington,All Grades,2018,All Students,591,29.3,0.8913,MANHATTAN
06M005,P.S. 005 Ellen Lurie,All Grades,2018,All Students,591,30.1,0.9055,MANHATTAN
06M008,P.S. 008 Luis Belliard,All Grades,2018,All Students,592,22.3,0.9096,MANHATTAN
06M018,P.S. 018 Park Terrace,All Grades,2018,All Students,592,14.4,0.8946,MANHATTAN
06M028,P.S. 028 Wright Brothers,All Grades,2018,All Students,593,30,0.9500,MANHATTAN
06M048,P.S. 048 P.O. Michael J. Buczek,All Grades,2018,All Students,593,18.5,0.8807,MANHATTAN
06M052,J.H.S. 052 Inwood,All Grades,2018,All Students,590,29.6,0.9182,MANHATTAN
06M098,P.S. 098 Shorac Kappock,All Grades,2018,All Students,589,37.6,0.8840,MANHATTAN
06M103,Dos Puentes Elementary School,All Grades,2018,All Students,598,8.8,0.6872,MANHATTAN
06M115,P.S. 115 Alexander Humboldt,All Grades,2018,All Students,588,37.3,0.9448,MANHATTAN
06M128,P.S. 128 Audubon,All Grades,2018,All Students,592,30.2,0.8538,MANHATTAN
06M132,P.S. 132 Juan Pablo Duarte,All Grades,2018,All Students,593,26.1,0.9093,MANHATTAN
06M143,J.H.S. 143 Eleanor Roosevelt,All Grades,2018,All Students,585,28.5,0.9189,MANHATTAN
06M152,P.S. 152 Dyckman Valley,All Grades,2018,All Students,591,30.4,0.9315,MANHATTAN
06M153,P.S. 153 Adam Clayton Powell,All Grades,2018,All Students,596,25.9,0.8819,MANHATTAN
06M173,P.S. 173,All Grades,2018,All Students,597,27.9,0.8089,MANHATTAN
06M178,Professor Juan Bosch Public School,All Grades,2018,All Students,601,12.5,0.6894,MANHATTAN
06M187,P.S./I.S. 187 Hudson Cliffs,All Grades,2018,All Students,609,13,0.4331,MANHATTAN
06M189,P.S. 189,All Grades,2018,All Students,596,28.6,0.8831,MANHATTAN
06M192,P.S. 192 Jacob H. Schiff,All Grades,2018,All Students,591,32.1,0.8847,MANHATTAN
06M209,Hamilton Grange Middle School,All Grades,2018,All Students,597,18.6,0.8609,MANHATTAN
06M210,P.S./I.S. 210 - Twenty-first Century Academy for C,All Grades,2018,All Students,601,20.9,0.8733,MANHATTAN
06M218,I.S. 218 Salome Urena,All Grades,2018,All Students,586,50.6,0.8333,MANHATTAN
06M223,The Mott Hall School,All Grades,2018,All Students,611,9.3,0.7572,MANHATTAN
06M278,Paula Hedbavny School,All Grades,2018,All Students,605,14.7,0.6192,MANHATTAN
06M293,City College Academy of the Arts,All Grades,2018,All Students,604,14.6,0.8110,MANHATTAN
06M311,Amistad Dual Language School,All Grades,2018,All Students,602,9.5,0.7675,MANHATTAN
06M314,Muscota,All Grades,2018,All Students,614,4.4,0.3988,MANHATTAN
06M319,M.S. 319 - Maria Teresa,All Grades,2018,All Students,593,7.3,0.9006,MANHATTAN
06M322,Middle School 322,All Grades,2018,All Students,593,30.1,0.9103,MANHATTAN
06M324,M.S. 324 - Patria Mirabal,All Grades,2018,All Students,592,21.7,0.8804,MANHATTAN
06M328,Community Math & Science Prep,All Grades,2018,All Students,578,38.8,0.9350,MANHATTAN
06M346,Community Health Academy of the Heights,All Grades,2018,All Students,598,39.2,0.8994,MANHATTAN
06M348,Washington Heights Expeditionary Learning School,All Grades,2018,All Students,596,26.2,0.8391,MANHATTAN
06M349,Harbor Heights,All Grades,2018,All Students,574,22.4,0.9304,MANHATTAN
06M366,Washington Heights Academy,All Grades,2018,All Students,610,21.3,0.8218,MANHATTAN
06M368,Hamilton Heights School,All Grades,2018,All Students,591,22.2,0.7477,MANHATTAN
06M513,Castle Bridge School,All Grades,2018,All Students,607,13,0.6923,MANHATTAN
06M528,I.S. 528 Bea Fuller Rodgers School,All Grades,2018,All Students,596,5.9,0.8768,MANHATTAN
07X001,P.S. 001 Courtlandt School,All Grades,2018,All Students,590,43.8,0.9500,BRONX
07X005,P.S. 5 Port Morris,All Grades,2018,All Students,589,40.6,0.9500,BRONX
07X018,P.S. 018 John Peter Zenger,All Grades,2018,All Students,590,42.6,0.9500,BRONX
07X025,P.S. 025 Bilingual School,All Grades,2018,All Students,598,38.3,0.9174,BRONX
07X029,P.S./M.S. 029 Melrose School,All Grades,2018,All Students,586,40.6,0.9424,BRONX
07X030,P.S. 030 Wilton,All Grades,2018,All Students,590,41.8,0.9437,BRONX
07X031,P.S./M.S. 031 The William Lloyd Garrison,All Grades,2018,All Students,591,30.9,0.9232,BRONX
07X043,P.S. 043 Jonas Bronck,All Grades,2018,All Students,598,39.3,0.9387,BRONX
07X049,P.S. 049 Willis Avenue,All Grades,2018,All Students,598,32.2,0.9500,BRONX
07X065,P.S. 065 Mother Hale Academy,All Grades,2018,All Students,594,50,0.9500,BRONX
07X151,J.H.S. 151 Lou Gehrig,All Grades,2018,All Students,583,40.9,0.9465,BRONX
07X154,P.S. 154 Jonathan D. Hyatt,All Grades,2018,All Students,600,25.3,0.9500,BRONX
07X157,P.S. 157 Grove Hill,All Grades,2018,All Students,594,48.4,0.9070,BRONX
07X161,P.S. 161 Juan Ponce De Leon School,All Grades,2018,All Students,596,45.6,0.9344,BRONX
07X179,P.S. 179,All Grades,2018,All Students,592,43.7,0.9500,BRONX
07X221,South Bronx Preparatory: A College Board School,All Grades,2018,All Students,598,19.2,0.9373,BRONX
07X223,The Laboratory School of Finance and Technology: X,All Grades,2018,All Students,602,25.5,0.9229,BRONX
07X224,P.S./I.S. 224,All Grades,2018,All Students,585,42.6,0.9500,BRONX
07X277,P.S. 277,All Grades,2018,All Students,595,47.7,0.9395,BRONX
07X296,South Bronx Academy for Applied Media,All Grades,2018,All Students,593,38,0.9500,BRONX
07X298,Academy of Public Relations,All Grades,2018,All Students,591,34.8,0.9440,BRONX
07X343,Academy of Applied Mathematics and Technology,All Grades,2018,All Students,597,23.1,0.9422,BRONX
07X359,Concourse Village Elementary School,All Grades,2018,All Students,616,22.1,0.8431,BRONX
07X369,Young Leaders Elementary School,All Grades,2018,All Students,591,28.3,0.9500,BRONX
07X500,Hostos-Lincoln Academy of Science,All Grades,2018,All Students,603,27.5,0.8661,BRONX
07X551,The Urban Assembly Bronx Academy of Letters,All Grades,2018,All Students,592,53,0.9468,BRONX
07X584,I.S. 584,All Grades,2018,All Students,590,46.2,0.9500,BRONX
08X014,P.S. X014 Senator John Calandra,All Grades,2018,All Students,606,24.9,0.5220,BRONX
08X036,P.S. 036 Unionport,All Grades,2018,All Students,602,25,0.8463,BRONX
08X048,P.S. 048 Joseph R. Drake,All Grades,2018,All Students,587,40.9,0.9500,BRONX
08X062,P.S. 062 Inocensio Casanova,All Grades,2018,All Students,591,44.5,0.9340,BRONX
08X069,P.S. 069 Journey Prep School,All Grades,2018,All Students,608,30.2,0.8196,BRONX
08X071,P.S. 071 Rose E. Scala,All Grades,2018,All Students,600,24.6,0.6097,BRONX
08X072,P.S. 072 Dr. William Dorney,All Grades,2018,All Students,594,41.5,0.8119,BRONX
08X075,P.S. 75 School of Research and Discovery,All Grades,2018,All Students,592,38.2,0.9500,BRONX
08X093,P.S. 093 Albert G. Oliver,All Grades,2018,All Students,591,44.4,0.7665,BRONX
08X100,P.S. 100 Isaac Clason,All Grades,2018,All Students,591,43.2,0.9080,BRONX
08X101,M.S. X101 Edward R. Byrne,All Grades,2018,All Students,609,13.2,0.5487,BRONX
08X107,P.S. 107,All Grades,2018,All Students,596,50.8,0.9500,BRONX
08X119,The Dr. Emmett W. Bassett School,All Grades,2018,All Students,596,31.3,0.8899,BRONX
08X123,J.H.S. 123 James M. Kieran,All Grades,2018,All Students,591,31.8,0.9271,BRONX
08X125,J.H.S. 125 Henry Hudson,All Grades,2018,All Students,594,31.8,0.9271,BRONX
08X130,P.S. 130 Abram Stevens Hewitt,All Grades,2018,All Students,586,39.3,0.9299,BRONX
08X131,J.H.S. 131 Albert Einstein,All Grades,2018,All Students,592,34,0.8991,BRONX
08X138,P.S. 138 Samuel Randall,All Grades,2018,All Students,595,44.1,0.8899,BRONX
08X140,P.S. X140 The Eagle School,All Grades,2018,All Students,592,42.8,0.9373,BRONX
08X146,P.S. 146 Edward Collins,All Grades,2018,All Students,595,43.4,0.9303,BRONX
08X152,P.S. 152 Evergreen,All Grades,2018,All Students,593,27.7,0.9500,BRONX
08X182,P.S. 182,All Grades,2018,All Students,600,28.1,0.8319,BRONX
08X269,Bronx Studio School for Writers and Artists,All Grades,2018,All Students,594,38.7,0.9180,BRONX
08X301,M.S. 301 Paul L. Dunbar,All Grades,2018,All Students,586,44.4,0.9500,BRONX
08X302,M.S. 302 Luisa Dessus Cruz,All Grades,2018,All Students,589,31.6,0.9495,BRONX
08X304,P.S. 304 Early Childhood School,All Grades,2018,All Students,608,25.8,0.4081,BRONX
08X333,The Longwood Academy of Discovery,All Grades,2018,All Students,591,45.1,0.9438,BRONX
08X337,The School for Inquiry and Social Justice,All Grades,2018,All Students,602,26.2,0.8534,BRONX
08X367,"Archimedes Academy for Math, Science and Technolog",All Grades,2018,All Students,597,45.3,0.8563,BRONX
08X371,Urban Institute of Mathematics,All Grades,2018,All Students,603,31.7,0.6399,BRONX
08X375,The Bronx Mathematics Preparatory School,All Grades,2018,All Students,589,39.7,0.9233,BRONX
08X376,Antonia Pantoja Preparatory Academy: A College Boa,All Grades,2018,All Students,598,50.1,0.8813,BRONX
08X392,Bronx Delta School,All Grades,2018,All Students,599,32.7,0.5942,BRONX
08X424,The Hunts Point School,All Grades,2018,All Students,583,28.4,0.9499,BRONX
08X448,Soundview Academy for Culture and Scholarship,All Grades,2018,All Students,595,26.8,0.8608,BRONX
08X467,Mott Hall Community School,All Grades,2018,All Students,592,42.4,0.7695,BRONX
08X562,Blueprint Middle School,All Grades,2018,All Students,598,29.3,0.8759,BRONX
09X004,P.S./M.S. 004 Crotona Park West,All Grades,2018,All Students,591,51.2,0.9500,BRONX
09X011,P.S. 011 Highbridge,All Grades,2018,All Students,592,38.2,0.9500,BRONX
09X022,J.H.S. 022 Jordan L. Mott,All Grades,2018,All Students,588,19.6,0.9500,BRONX
09X028,P.S. 028 Mount Hope,All Grades,2018,All Students,591,39.7,0.9449,BRONX
09X035,P.S. 035 Franz Siegel,All Grades,2018,All Students,591,26.6,0.9050,BRONX
09X042,P.S. 042 Claremont,All Grades,2018,All Students,596,24.5,0.9500,BRONX
09X053,P.S. 053 Basheer Quisim,All Grades,2018,All Students,596,41.9,0.9500,BRONX
09X055,P.S. 055 Benjamin Franklin,All Grades,2018,All Students,594,37,0.9500,BRONX
09X058,P.S. 058,All Grades,2018,All Students,589,47.6,0.9500,BRONX
09X063,P.S. 063 Author's Academy,All Grades,2018,All Students,596,40,0.9425,BRONX
09X070,P.S. 070 Max Schoenfeld,All Grades,2018,All Students,590,39.4,0.9500,BRONX
09X073,P.S. 073 Bronx,All Grades,2018,All Students,586,46.9,0.9481,BRONX
09X088,P.S. X088 - S. Silverstein Little Sparrow School,All Grades,2018,All Students,598,34.5,0.9500,BRONX
09X109,P.S. 109 Sedgwick,All Grades,2018,All Students,593,44.5,0.9124,BRONX
09X110,P.S. 110 Theodore Schoenfeld,All Grades,2018,All Students,597,30.9,0.9446,BRONX
09X114,P.S. X114 - Luis Llorens Torres Schools,All Grades,2018,All Students,587,34.4,0.9420,BRONX
09X117,I.S. 117 Joseph H. Wade,All Grades,2018,All Students,588,28.2,0.9500,BRONX
09X126,P.S. 126 Dr Marjorie H Dunbar,All Grades,2018,All Students,600,41,0.9500,BRONX
09X128,Mott Hall III,All Grades,2018,All Students,607,17.5,0.8920,BRONX
09X132,P.S. 132 Garret A. Morgan,All Grades,2018,All Students,592,48.3,0.9500,BRONX
09X163,P.S. 163 Arthur A. Schomburg,All Grades,2018,All Students,590,24.9,0.9500,BRONX
09X199,P.S. 199X - The Shakespeare School,All Grades,2018,All Students,590,36.4,0.9500,BRONX
09X204,P.S. 204 Morris Heights,All Grades,2018,All Students,605,23.3,0.9216,BRONX
09X215,Kappa,All Grades,2018,All Students,598,29.3,0.9398,BRONX
09X218,P.S./I.S. 218 Rafael Hernandez Dual Language Magne,All Grades,2018,All Students,597,23.4,0.9273,BRONX
09X219,I.S. 219 New Venture School,All Grades,2018,All Students,590,39.1,0.9500,BRONX
09X229,I.S. 229 Roland Patterson,All Grades,2018,All Students,586,43.4,0.9500,BRONX
09X231,Eagle Academy for Young Men,All Grades,2018,All Students,589,22.9,0.7942,BRONX
09X232,I.S. 232,All Grades,2018,All Students,589,31.9,0.9493,BRONX
09X236,P.S. 236 Langston Hughes,All Grades,2018,All Students,593,23.8,0.9308,BRONX
09X241,Urban Assembly School for Applied Math and Science,All Grades,2018,All Students,594,37,0.9043,BRONX
09X274,The New American Academy at Roberto Clemente State,All Grades,2018,All Students,587,62.3,0.9500,BRONX
09X294,The Walton Avenue School,All Grades,2018,All Students,613,26.2,0.9500,BRONX
09X303,I.S. X303 Leadership & Community Service,All Grades,2018,All Students,599,22.4,0.9252,BRONX
09X311,Lucero Elementary School,All Grades,2018,All Students,596,34.8,0.9500,BRONX
09X313,I.S. 313 School of Leadership Development,All Grades,2018,All Students,584,28.8,0.9500,BRONX
09X323,Bronx Writing Academy,All Grades,2018,All Students,590,43.6,0.9451,BRONX
09X324,Bronx Early College Academy for Teaching & Learnin,All Grades,2018,All Students,595,20.8,0.8984,BRONX
09X325,Urban Science Academy,All Grades,2018,All Students,584,20.8,0.8984,BRONX
09X327,Comprehensive Model School Project M.S. 327,All Grades,2018,All Students,600,39.8,0.9049,BRONX
09X328,New Millennium Business Academy Middle School,All Grades,2018,All Students,589,28.6,0.9235,BRONX
09X339,I.S. 339,All Grades,2018,All Students,590,28.5,0.9500,BRONX
09X350,New Directions Secondary School,All Grades,2018,All Students,578,28.5,0.9500,BRONX
09X361,The Highbridge Green School,All Grades,2018,All Students,593,18.5,0.9234,BRONX
09X413,Bronx High School for Medical Science,All Grades,2018,All Students,602,21.1,0.9117,BRONX
09X443,The Family School,All Grades,2018,All Students,594,35.8,0.9500,BRONX
09X449,Grant Avenue Elementary School,All Grades,2018,All Students,596,30.3,0.9214,BRONX
09X454,Science and Technology Academy: A Mott Hall School,All Grades,2018,All Students,601,25.6,0.8797,BRONX
09X457,Sheridan Academy for Young Leaders,All Grades,2018,All Students,592,38.5,0.9408,BRONX
09X505,"Bronx School for Law, Government and Justice",All Grades,2018,All Students,604,25.8,0.8723,BRONX
09X555,Mount Eden Children's Academy,All Grades,2018,All Students,600,17.1,0.8878,BRONX
09X568,Young Women's Leadership School of the Bronx,All Grades,2018,All Students,606,28.2,0.8323,BRONX
10X003,P.S. 3 Raul Julia Micro Society,All Grades,2018,All Students,601,30.9,0.9161,BRONX
10X007,Milton Fein School,All Grades,2018,All Students,603,9.7,0.7705,BRONX
10X008,P.S. 008 Isaac Varian,All Grades,2018,All Students,594,33.2,0.8683,BRONX
10X009,P.S. 9 Ryer Avenue Elementary School,All Grades,2018,All Students,592,39.9,0.9500,BRONX
10X015,P.S. X015 Institute for Environmental Learning,All Grades,2018,All Students,602,19.1,0.8776,BRONX
10X020,"P.S./M.S. 20 P.O.George J. Werdann, III",All Grades,2018,All Students,593,37.5,0.8796,BRONX
10X023,P.S. 023 The New Children's School,All Grades,2018,All Students,589,39.3,0.9500,BRONX
10X024,P.S. 024 Spuyten Duyvil,All Grades,2018,All Students,614,10.8,0.2755,BRONX
10X032,P.S. 032 Belmont,All Grades,2018,All Students,590,41.9,0.9500,BRONX
10X033,P.S. 033 Timothy Dwight,All Grades,2018,All Students,593,40.4,0.9500,BRONX
10X037,P.S. X037 - Multiple Intelligence School,All Grades,2018,All Students,594,40.8,0.8695,BRONX
10X045,Thomas C. Giordano Middle School 45,All Grades,2018,All Students,594,33.8,0.9434,BRONX
10X046,P.S. 046 Edgar Allan Poe,All Grades,2018,All Students,587,36.7,0.9500,BRONX
10X051,P.S. 051 Bronx New School,All Grades,2018,All Students,593,30.3,0.8367,BRONX
10X054,P.S./I.S. 54,All Grades,2018,All Students,590,23.6,0.9481,BRONX
10X056,P.S. 056 Norwood Heights,All Grades,2018,All Students,603,25.1,0.9013,BRONX
10X059,P.S. 059 The Community School of Technology,All Grades,2018,All Students,588,39.9,0.9500,BRONX
10X077,Bedford Park Elementary School,All Grades,2018,All Students,601,32.5,0.8791,BRONX
10X080,J.H.S. 080 The Mosholu Parkway,All Grades,2018,All Students,591,25.5,0.8896,BRONX
10X081,P.S. 081 Robert J. Christen,All Grades,2018,All Students,611,20.6,0.4135,BRONX
10X085,P.S. 085 Great Expectations,All Grades,2018,All Students,586,30.4,0.9500,BRONX
10X086,P.S. 086 Kingsbridge Heights,All Grades,2018,All Students,597,26,0.9257,BRONX
10X091,P.S. 091 Bronx,All Grades,2018,All Students,592,35.6,0.9489,BRONX
10X094,P.S. 094 Kings College School,All Grades,2018,All Students,588,40.9,0.9133,BRONX
10X095,P.S. 095 Sheila Mencher,All Grades,2018,All Students,598,33.6,0.8588,BRONX
10X118,J.H.S. 118 William W. Niles,All Grades,2018,All Students,600,29.7,0.8801,BRONX
10X141,Riverdale / Kingsbridge Academy (Middle School / H,All Grades,2018,All Students,603,16.5,0.4806,BRONX
10X159,P.S. 159 Luis Munoz Marin Biling,All Grades,2018,All Students,603,37.6,0.9315,BRONX
10X205,P.S. 205 Fiorello LaGuardia,All Grades,2018,All Students,593,29.8,0.9500,BRONX
10X206,I.S. 206 Ann Mersereau,All Grades,2018,All Students,585,34.8,0.9500,BRONX
10X225,Theatre Arts Production Company School,All Grades,2018,All Students,597,39.6,0.8819,BRONX
10X226,P.S. 226,All Grades,2018,All Students,591,20.8,0.9395,BRONX
10X228,Jonas Bronck Academy,All Grades,2018,All Students,607,1.9,0.8461,BRONX
10X243,West Bronx Academy for the Future,All Grades,2018,All Students,595,28.2,0.9024,BRONX
10X244,The New School for Leadership and Journalism,All Grades,2018,All Students,598,26.3,0.8887,BRONX
10X246,P.S. 246 Poe Center,All Grades,2018,All Students,586,31.6,0.9478,BRONX
10X254,I.S. 254,All Grades,2018,All Students,592,31.4,0.9418,BRONX
10X279,"P.S. 279 Captain Manuel Rivera, Jr.",All Grades,2018,All Students,593,22,0.9500,BRONX
10X280,P.S./M.S. 280 Mosholu Parkway,All Grades,2018,All Students,597,30.8,0.8864,BRONX
10X291,P.S. 291,All Grades,2018,All Students,599,34.1,0.9500,BRONX
10X306,P.S. 306,All Grades,2018,All Students,589,29.1,0.9500,BRONX
10X307,Luisa Pineiro Fuentes School of Science and Discov,All Grades,2018,All Students,591,13.8,0.9051,BRONX
10X308,Bronx Dance Academy School,All Grades,2018,All Students,600,26.3,0.8859,BRONX
10X310,P.S. 310 Marble Hill,All Grades,2018,All Students,593,26.1,0.8853,BRONX
10X315,P.S. 315 Lab School,All Grades,2018,All Students,600,26.4,0.9441,BRONX
10X331,The Bronx School of Young Leaders,All Grades,2018,All Students,595,17.2,0.9476,BRONX
10X340,P.S. 340,All Grades,2018,All Students,594,34.3,0.9193,BRONX
10X342,International School for Liberal Arts,All Grades,2018,All Students,587,23.5,0.9500,BRONX
10X344,Ampark Neighborhood,All Grades,2018,All Students,604,16.5,0.4965,BRONX
10X360,P.S. 360,All Grades,2018,All Students,595,42,0.8873,BRONX
10X363,Academy For Personal Leadership And Excellence,All Grades,2018,All Students,591,25.2,0.9379,BRONX
10X368,In-Tech Academy (M.S. / High School 368),All Grades,2018,All Students,596,24.2,0.8198,BRONX
10X382,"Elementary School for Math, Science, and Technolog",All Grades,2018,All Students,589,27.7,0.9500,BRONX
10X386,School for Environmental Citizenship,All Grades,2018,All Students,587,22.7,0.9500,BRONX
10X390,M.S. 390,All Grades,2018,All Students,593,13.4,0.9500,BRONX
10X391,The Angelo Patri Middle School,All Grades,2018,All Students,584,25.3,0.9500,BRONX
10X396,P.S. 396,All Grades,2018,All Students,585,17.8,0.9277,BRONX
10X447,Creston Academy,All Grades,2018,All Students,595,20,0.9446,BRONX
10X459,East Fordham Academy for the Arts,All Grades,2018,All Students,588,35.2,0.9446,BRONX
11X016,P.S. 016 Wakefield,All Grades,2018,All Students,597,44.8,0.8510,BRONX
11X019,P.S. 019 Judith K. Weiss,All Grades,2018,All Students,606,16.3,0.4458,BRONX
11X021,P.S. 021 Philip H. Sheridan,All Grades,2018,All Students,592,36.4,0.8822,BRONX
11X041,P.S. 041 Gun Hill Road,All Grades,2018,All Students,597,37.8,0.9112,BRONX
11X068,P.S. 068 Bronx,All Grades,2018,All Students,599,29.2,0.7415,BRONX
11X076,P.S. 076 The Bennington School,All Grades,2018,All Students,589,34.3,0.8348,BRONX
11X078,P.S. 078 Anne Hutchinson,All Grades,2018,All Students,592,39.1,0.8262,BRONX
11X083,P.S. 083 Donald Hertz,All Grades,2018,All Students,600,13.4,0.7182,BRONX
11X087,P.S. 087 Bronx,All Grades,2018,All Students,594,27.8,0.7391,BRONX
11X089,P.S. 089 Bronx,All Grades,2018,All Students,594,30.4,0.8451,BRONX
11X096,P.S. 096 Richard Rodgers,All Grades,2018,All Students,594,33.2,0.8668,BRONX
11X097,P.S. 097 Bronx,All Grades,2018,All Students,598,24.5,0.6585,BRONX
11X103,P.S. 103 Hector Fontanez,All Grades,2018,All Students,592,41.5,0.8838,BRONX
11X105,P.S. 105 Sen Abraham Bernstein,All Grades,2018,All Students,595,31.9,0.8764,BRONX
11X106,P.S. 106 Parkchester,All Grades,2018,All Students,600,26.3,0.7952,BRONX
11X108,P.S. 108 Philip J. Abinanti,All Grades,2018,All Students,604,14,0.6142,BRONX
11X111,P.S. 111 Seton Falls,All Grades,2018,All Students,592,44,0.8704,BRONX
11X112,P.S. 112 Bronxwood,All Grades,2018,All Students,587,38.2,0.9241,BRONX
11X121,P.S. 121 Throop,All Grades,2018,All Students,594,29.6,0.7534,BRONX
11X127,J.H.S. 127 The Castle Hill,All Grades,2018,All Students,598,21.6,0.8015,BRONX
11X144,J.H.S. 144 Michelangelo,All Grades,2018,All Students,595,36.1,0.7795,BRONX
11X153,P.S. 153 Helen Keller,All Grades,2018,All Students,608,12.7,0.5075,BRONX
11X160,P.S. 160 Walt Disney,All Grades,2018,All Students,599,17.5,0.5811,BRONX
11X169,Baychester Academy,All Grades,2018,All Students,608,27.6,0.7193,BRONX
11X175,P.S. 175 City Island,All Grades,2018,All Students,604,5.8,0.3764,BRONX
11X178,P.S. 178 - Dr. Selman Waksman,All Grades,2018,All Students,594,22.3,0.5987,BRONX
11X180,M.S. 180 Dr. Daniel Hale Williams,All Grades,2018,All Students,605,13.6,0.5867,BRONX
11X181,I.S. 181 Pablo Casals,All Grades,2018,All Students,603,23.1,0.6203,BRONX
11X189,Cornerstone Academy for Social Action,All Grades,2018,All Students,595,32.8,0.8089,BRONX
11X194,P.S./M.S. 194,All Grades,2018,All Students,596,20.8,0.8501,BRONX
11X287,North Bronx School of Empowerment,All Grades,2018,All Students,588,38.8,0.8608,BRONX
11X326,Bronx Green Middle School,All Grades,2018,All Students,594,28.5,0.8534,BRONX
11X355,Bronx Alliance Middle School,All Grades,2018,All Students,591,26.6,0.8161,BRONX
11X357,Young Voices Academy of the Bronx,All Grades,2018,All Students,599,24,0.7972,BRONX
11X370,Leaders of Tomorrow,All Grades,2018,All Students,591,30.5,0.8702,BRONX
11X462,Cornerstone Academy for Social Action Middle Schoo,All Grades,2018,All Students,595,27.3,0.7391,BRONX
11X468,Pelham Academy of Academics and Community Engageme,All Grades,2018,All Students,599,26.6,0.7973,BRONX
11X498,P.S./M.S. 11X498 - VAN NEST ACADEMY,All Grades,2018,All Students,603,14.7,0.7100,BRONX
11X529,One World Middle School at Edenwald,All Grades,2018,All Students,597,23.5,0.7525,BRONX
11X532,Baychester Middle School,All Grades,2018,All Students,595,28.6,0.7721,BRONX
11X556,Bronx Park Middle School,All Grades,2018,All Students,597,34.3,0.8683,BRONX
11X566,Pelham Gardens Middle School,All Grades,2018,All Students,596,35.2,0.7694,BRONX
11X567,Linden Tree Elementary School,All Grades,2018,All Students,593,36.2,0.8338,BRONX
12X006,P.S. 006 West Farms,All Grades,2018,All Students,585,48.7,0.9500,BRONX
12X044,P.S. 044 David C. Farragut,All Grades,2018,All Students,593,43.8,0.9500,BRONX
12X047,P.S. 047 John Randolph,All Grades,2018,All Students,592,24.3,0.9235,BRONX
12X057,P.S. 057 Crescent,All Grades,2018,All Students,591,47.4,0.9410,BRONX
12X061,P.S. 061 Francisco Oller,All Grades,2018,All Students,590,31.6,0.9500,BRONX
12X066,P.S. 066 School of Higher Expectations,All Grades,2018,All Students,589,39.4,0.9402,BRONX
12X067,P.S. 067 Mohegan School,All Grades,2018,All Students,597,45.6,0.9500,BRONX
12X092,P.S. 092 Bronx,All Grades,2018,All Students,585,45.6,0.9500,BRONX
12X098,J.H.S. 098 Herman Ridder,All Grades,2018,All Students,587,56.1,0.9420,BRONX
12X129,M.S. 129 Academy for Independent Learning and Lead,All Grades,2018,All Students,596,25.9,0.9416,BRONX
12X134,P.S. 134 George F. Bristow,All Grades,2018,All Students,592,45.2,0.9327,BRONX
12X150,P.S. 150 Charles James Fox,All Grades,2018,All Students,591,37.2,0.9434,BRONX
12X190,E.S.M.T- I.S. 190,All Grades,2018,All Students,598,33.6,0.9010,BRONX
12X195,P.S. 195,All Grades,2018,All Students,585,31.2,0.9500,BRONX
12X196,P.S. 196,All Grades,2018,All Students,589,27.4,0.9490,BRONX
12X211,P.S. 211,All Grades,2018,All Students,587,13.2,0.9500,BRONX
12X212,P.S. 212,All Grades,2018,All Students,588,37.3,0.9372,BRONX
12X214,P.S. 214,All Grades,2018,All Students,589,39.6,0.9137,BRONX
12X217,School of Performing Arts,All Grades,2018,All Students,589,37.3,0.9500,BRONX
12X242,Mott Hall V,All Grades,2018,All Students,593,30.8,0.8937,BRONX
12X267,Bronx Latin,All Grades,2018,All Students,593,30.4,0.9107,BRONX
12X271,East Bronx Academy for the Future,All Grades,2018,All Students,592,42.6,0.9284,BRONX
12X273,Frederick Douglass Academy V. Middle School,All Grades,2018,All Students,593,43.8,0.9212,BRONX
12X286,Fannie Lou Hamer Middle School,All Grades,2018,All Students,589,24.9,0.9300,BRONX
12X300,The School of Science and Applied Learning,All Grades,2018,All Students,590,37.2,0.9363,BRONX
12X314,Fairmont Neighborhood School,All Grades,2018,All Students,582,34.4,0.9500,BRONX
12X316,Kappa III,All Grades,2018,All Students,596,26.1,0.9097,BRONX
12X318,"I.S. X318 Math, Science & Technology Through Arts",All Grades,2018,All Students,587,38.4,0.9364,BRONX
12X341,Accion Academy,All Grades,2018,All Students,593,33.8,0.9354,BRONX
12X372,Urban Assembly School for Wildlife Conservation,All Grades,2018,All Students,584,33.8,0.9354,BRONX
12X383,Emolior Academy,All Grades,2018,All Students,591,39.1,0.9130,BRONX
12X384,Entrada Academy,All Grades,2018,All Students,585,39.1,0.9130,BRONX
12X458,Samara Community School,All Grades,2018,All Students,590,10.5,0.8720,BRONX
12X463,Urban Scholars Community School,All Grades,2018,All Students,595,27.5,0.9500,BRONX
12X531,Archer Elementary School,All Grades,2018,All Students,594,38.5,0.8975,BRONX
12X536,P.S. 536,All Grades,2018,All Students,591,36.3,0.9097,BRONX
12X691,Bronx Little School,All Grades,2018,All Students,593,24.8,0.8477,BRONX
13K003,P.S. 003 The Bedford Village,All Grades,2018,All Students,594,43.1,0.8590,BROOKLYN
13K008,P.S. 008 Robert Fulton,All Grades,2018,All Students,614,10.5,0.1932,BROOKLYN
13K009,P.S. 009 Teunis G. Bergen,All Grades,2018,All Students,610,17.4,0.4115,BROOKLYN
13K011,P.S. 011 Purvis J. Behan,All Grades,2018,All Students,618,15.3,0.4770,BROOKLYN
13K020,P.S. 020 Clinton Hill,All Grades,2018,All Students,606,31.2,0.5285,BROOKLYN
13K044,P.S. 044 Marcus Garvey,All Grades,2018,All Students,594,47.3,0.9266,BROOKLYN
13K046,P.S. 046 Edward C. Blum,All Grades,2018,All Students,590,49.1,0.8636,BROOKLYN
13K054,P.S. 054 Samuel C. Barnes,All Grades,2018,All Students,589,42.1,0.8954,BROOKLYN
13K056,P.S. 056 Lewis H. Latimer,All Grades,2018,All Students,593,29.4,0.7059,BROOKLYN
13K067,P.S. 067 Charles A. Dorsey,All Grades,2018,All Students,595,38.5,0.9500,BROOKLYN
13K093,P.S. 093 William H. Prescott,All Grades,2018,All Students,595,55,0.9125,BROOKLYN
13K113,M.S. 113 Ronald Edmonds Learning Center,All Grades,2018,All Students,593,30.4,0.8604,BROOKLYN
13K133,P.S. 133 William A. Butler,All Grades,2018,All Students,609,18.3,0.4463,BROOKLYN
13K256,P.S. 256 Benjamin Banneker,All Grades,2018,All Students,602,50.8,0.9476,BROOKLYN
13K265,Dr. Susan S. McKinney Secondary School of the Arts,All Grades,2018,All Students,595,50.8,0.9065,BROOKLYN
13K266,M.S. K266 - Park Place Community Middle School,All Grades,2018,All Students,596,29.7,0.7784,BROOKLYN
13K270,P.S. 270 Johann DeKalb,All Grades,2018,All Students,594,50,0.9139,BROOKLYN
13K282,P.S. 282 Park Slope,All Grades,2018,All Students,605,29.1,0.5972,BROOKLYN
13K287,P.S. 287 Bailey K. Ashford,All Grades,2018,All Students,585,53.6,0.9092,BROOKLYN
13K301,Satellite East Middle School,All Grades,2018,All Students,590,45.5,0.8796,BROOKLYN
13K305,P.S. 305 Dr. Peter Ray,All Grades,2018,All Students,592,48.7,0.9228,BROOKLYN
13K307,P.S. 307 Daniel Hale Williams,All Grades,2018,All Students,594,38.7,0.8248,BROOKLYN
13K313,Dock Street School for STEAM Studies,All Grades,2018,All Students,608,23.5,0.6740,BROOKLYN
13K351,The Urban Assembly Unison School,All Grades,2018,All Students,594,36.9,0.8670,BROOKLYN
13K492,Academy of Arts and Letters,All Grades,2018,All Students,613,7,0.3663,BROOKLYN
13K527,URBAN ASSEMBLY INSTITUTE OF MATH AND SCIENCE FOR YOUNG WOMEN,All Grades,2018,All Students,601,43.4,0.7924,BROOKLYN
13K691,Fort Greene Preparatory Academy,All Grades,2018,All Students,592,46.5,0.8587,BROOKLYN
14K016,P.S. 016 Leonard Dunkly,All Grades,2018,All Students,593,42,0.9500,BROOKLYN
14K017,P.S. 017 Henry D. Woodworth,All Grades,2018,All Students,598,35.9,0.7450,BROOKLYN
14K018,P.S. 018 Edward Bush,All Grades,2018,All Students,589,36.8,0.8543,BROOKLYN
14K023,P.S. 023 Carter G. Woodson,All Grades,2018,All Students,596,50.6,0.9480,BROOKLYN
14K031,P.S. 031 Samuel F. Dupont,All Grades,2018,All Students,611,19.7,0.5769,BROOKLYN
14K034,P.S. 034 Oliver H. Perry,All Grades,2018,All Students,607,15.3,0.3906,BROOKLYN
14K050,J.H.S. 050 John D. Wells,All Grades,2018,All Students,596,29,0.8746,BROOKLYN
14K059,P.S. 059 William Floyd,All Grades,2018,All Students,592,45.6,0.9500,BROOKLYN
14K071,Juan Morel Campos Secondary School,All Grades,2018,All Students,593,39.7,0.9309,BROOKLYN
14K084,P.S. 084 Jose De Diego,All Grades,2018,All Students,598,25.2,0.5802,BROOKLYN
14K110,P.S. 110 The Monitor,All Grades,2018,All Students,605,14.7,0.3528,BROOKLYN
14K120,P.S. 120 Carlos Tapia,All Grades,2018,All Students,597,34,0.9200,BROOKLYN
14K126,John Ericsson Middle School 126,All Grades,2018,All Students,597,34.4,0.8236,BROOKLYN
14K132,P.S. 132 The Conselyea School,All Grades,2018,All Students,610,21.9,0.5374,BROOKLYN
14K147,P.S. 147 Isaac Remsen,All Grades,2018,All Students,603,35.9,0.7845,BROOKLYN
14K157,P.S./I.S. 157 The Benjamin Franklin Health & Scien,All Grades,2018,All Students,591,31,0.9205,BROOKLYN
14K196,P.S. 196 Ten Eyck,All Grades,2018,All Students,598,35,0.8840,BROOKLYN
14K250,P.S. 250 George H. Lindsay,All Grades,2018,All Students,592,33.7,0.8586,BROOKLYN
14K257,P.S. 257 John F. Hylan,All Grades,2018,All Students,602,30.1,0.8949,BROOKLYN
14K297,P.S. 297 Abraham Stockton,All Grades,2018,All Students,594,43.3,0.9500,BROOKLYN
14K318,I.S. 318 Eugenio Maria De Hostos,All Grades,2018,All Students,600,16,0.7366,BROOKLYN
14K380,P.S. 380 John Wayne Elementary,All Grades,2018,All Students,602,27.1,0.8753,BROOKLYN
14K414,Brooklyn Arbor Elementary School,All Grades,2018,All Students,605,14.6,0.6159,BROOKLYN
14K577,Conselyea Preparatory School,All Grades,2018,All Students,607,11.7,0.6075,BROOKLYN
14K582,M.S. 582,All Grades,2018,All Students,600,38,0.8664,BROOKLYN
14K586,Lyons Community School,All Grades,2018,All Students,588,49.7,0.9196,BROOKLYN
14K614,Young Women's Leadership School of Brooklyn,All Grades,2018,All Students,601,37,0.8082,BROOKLYN
15K001,P.S. 001 The Bergen,All Grades,2018,All Students,594,17.3,0.8974,BROOKLYN
15K010,"Magnet School of Math, Science and Design Technolo",All Grades,2018,All Students,613,8.7,0.3300,BROOKLYN
15K015,P.S. 015 Patrick F. Daly,All Grades,2018,All Students,596,32.3,0.7766,BROOKLYN
15K024,P.S. 024,All Grades,2018,All Students,589,20.7,0.8860,BROOKLYN
15K029,P.S. 029 John M. Harrigan,All Grades,2018,All Students,615,4.8,0.1143,BROOKLYN
15K032,P.S. 032 Samuel Mills Sprole,All Grades,2018,All Students,613,20.5,0.4661,BROOKLYN
15K038,P.S. 038 The Pacific,All Grades,2018,All Students,609,28.1,0.5417,BROOKLYN
15K039,P.S. 039 Henry Bristow,All Grades,2018,All Students,622,6.5,0.1819,BROOKLYN
15K051,M.S. 51 William Alexander,All Grades,2018,All Students,619,5.1,0.3333,BROOKLYN
15K058,P.S. 058 The Carroll,All Grades,2018,All Students,615,5,0.1181,BROOKLYN
15K088,J.H.S. 088 Peter Rouget,All Grades,2018,All Students,601,20,0.7786,BROOKLYN
15K094,P.S. 094 The Henry Longfellow,All Grades,2018,All Students,599,7.2,0.9478,BROOKLYN
15K107,P.S. 107 John W. Kimball,All Grades,2018,All Students,618,7.2,0.0927,BROOKLYN
15K118,The Maurice Sendak Community School,All Grades,2018,All Students,618,12.1,0.1332,BROOKLYN
15K124,P.S. 124 Silas B. Dutcher,All Grades,2018,All Students,604,22.1,0.7077,BROOKLYN
15K130,P.S. 130 The Parkside,All Grades,2018,All Students,606,12.7,0.4851,BROOKLYN
15K131,P.S. 131 Brooklyn,All Grades,2018,All Students,604,16.8,0.9076,BROOKLYN
15K136,I.S. 136 Charles O. Dewey,All Grades,2018,All Students,589,18.6,0.8939,BROOKLYN
15K146,"The Brooklyn New School, P.S. 146",All Grades,2018,All Students,617,16,0.3805,BROOKLYN
15K154,The Windsor Terrace School,All Grades,2018,All Students,617,6.1,0.2054,BROOKLYN
15K169,P.S. 169 Sunset Park,All Grades,2018,All Students,596,11.8,0.9417,BROOKLYN
15K172,P.S. 172 Beacon School of Excellence,All Grades,2018,All Students,621,14,0.7390,BROOKLYN
15K230,P.S. 230 Doris L. Cohen,All Grades,2018,All Students,605,17.2,0.7693,BROOKLYN
15K261,P.S. 261 Philip Livingston,All Grades,2018,All Students,605,14.9,0.3770,BROOKLYN
15K295,P.S. 295,All Grades,2018,All Students,608,14,0.5223,BROOKLYN
15K321,P.S. 321 William Penn,All Grades,2018,All Students,618,5.7,0.0687,BROOKLYN
15K442,M.S. 442 Carroll Gardens School for Innovation,All Grades,2018,All Students,603,12.7,0.4994,BROOKLYN
15K443,New Voices School of Academic & Creative Arts,All Grades,2018,All Students,618,9.3,0.3283,BROOKLYN
15K447,The Math & Science Exploratory School,All Grades,2018,All Students,621,4,0.2386,BROOKLYN
15K448,Brooklyn Secondary School for Collaborative Studie,All Grades,2018,All Students,594,40.2,0.7044,BROOKLYN
15K464,Park Slope Collegiate,All Grades,2018,All Students,600,38.5,0.6413,BROOKLYN
15K497,The Boerum Hill School for International Studies,All Grades,2018,All Students,603,25.4,0.5771,BROOKLYN
15K516,Sunset Park Avenues Elementary School,All Grades,2018,All Students,593,15.8,0.8427,BROOKLYN
15K676,Red Hook Neighborhood School,All Grades,2018,All Students,582,53.1,0.9491,BROOKLYN
15K821,Sunset Park Prep,All Grades,2018,All Students,598,12.9,0.9007,BROOKLYN
15K839,M.S. 839,All Grades,2018,All Students,608,11.5,0.4853,BROOKLYN
16K005,P.S. 005 Dr. Ronald Mcnair,All Grades,2018,All Students,603,50.4,0.8559,BROOKLYN
16K021,P.S. 021 Crispus Attucks,All Grades,2018,All Students,605,36.6,0.8295,BROOKLYN
16K025,P.S. 025 Eubie Blake School,All Grades,2018,All Students,601,49,0.9500,BROOKLYN
16K026,P.S. 026 Jesse Owens,All Grades,2018,All Students,604,42.5,0.8590,BROOKLYN
16K028,P.S. 028 The Warren Prep Academy,All Grades,2018,All Students,597,50.7,0.9195,BROOKLYN
16K035,M.S. 035 Stephen Decatur,All Grades,2018,All Students,594,34.3,0.8904,BROOKLYN
16K040,P.S. 040 George W. Carver,All Grades,2018,All Students,607,39.3,0.9208,BROOKLYN
16K057,J.H.S. 057 Whitelaw Reid,All Grades,2018,All Students,595,47.4,0.9200,BROOKLYN
16K081,P.S. 081 Thaddeus Stevens,All Grades,2018,All Students,593,50.3,0.9278,BROOKLYN
16K243,P.S. 243K- The Weeksville School,All Grades,2018,All Students,594,47,0.9394,BROOKLYN
16K262,P.S. 262 El Hajj Malik El Shabazz Elementary Schoo,All Grades,2018,All Students,604,42.6,0.8623,BROOKLYN
16K267,"M.S. 267 Math, Science & Technology",All Grades,2018,All Students,596,52.5,0.8879,BROOKLYN
16K308,P.S. 308 Clara Cardwell,All Grades,2018,All Students,588,48.2,0.9126,BROOKLYN
16K309,P.S. 309 The George E. Wibecan Preparatory Academy,All Grades,2018,All Students,588,35.9,0.8458,BROOKLYN
16K335,P.S. 335 Granville T. Woods,All Grades,2018,All Students,596,43.7,0.9001,BROOKLYN
16K627,Brighter Choice Community School,All Grades,2018,All Students,601,38,0.8028,BROOKLYN
16K628,Brooklyn Brownstone School,All Grades,2018,All Students,606,18.4,0.6746,BROOKLYN
16K681,Madiba Prep Middle School,All Grades,2018,All Students,592,27.4,0.8567,BROOKLYN
17K002,Parkside Preparatory Academy,All Grades,2018,All Students,599,19.6,0.8043,BROOKLYN
17K006,Norma Adams Clemons Academy,All Grades,2018,All Students,589,29.9,0.8811,BROOKLYN
17K012,Dr. Jacqueline Peek-Davis School,All Grades,2018,All Students,593,47.8,0.9122,BROOKLYN
17K061,M.S. 061 Dr. Gladstone H. Atwell,All Grades,2018,All Students,597,35.5,0.7654,BROOKLYN
17K091,P.S. 091 The Albany Avenue School,All Grades,2018,All Students,599,29,0.8479,BROOKLYN
17K092,P.S. 092 Adrian Hegeman,All Grades,2018,All Students,590,44.1,0.8504,BROOKLYN
17K138,P.S. 138 Brooklyn,All Grades,2018,All Students,602,34.5,0.8109,BROOKLYN
17K161,P.S. 161 The Crown,All Grades,2018,All Students,594,34.8,0.8234,BROOKLYN
17K181,P.S. 181 Brooklyn,All Grades,2018,All Students,594,33.2,0.8078,BROOKLYN
17K189,P.S. 189 The Bilingual Center,All Grades,2018,All Students,606,23.4,0.8309,BROOKLYN
17K191,P.S. 191 Paul Robeson,All Grades,2018,All Students,609,48.2,0.9500,BROOKLYN
17K221,P.S. 221 Toussaint L'Ouverture,All Grades,2018,All Students,594,40.4,0.8345,BROOKLYN
17K241,P.S. 241 Emma L. Johnston,All Grades,2018,All Students,602,26.3,0.8012,BROOKLYN
17K246,M.S. 246 Walt Whitman,All Grades,2018,All Students,593,30.1,0.8752,BROOKLYN
17K249,P.S. 249 The Caton,All Grades,2018,All Students,610,12.5,0.8105,BROOKLYN
17K289,P.S. 289 George V. Brower,All Grades,2018,All Students,602,51.9,0.8549,BROOKLYN
17K316,P.S. 316 Elijah Stroud,All Grades,2018,All Students,607,17.3,0.6474,BROOKLYN
17K340,I.S. 340,All Grades,2018,All Students,603,25.1,0.7640,BROOKLYN
17K352,Ebbets Field Middle School,All Grades,2018,All Students,588,25.8,0.8957,BROOKLYN
17K353,Elijah Stroud Middle School,All Grades,2018,All Students,596,34.2,0.8826,BROOKLYN
17K354,The School of Integrated Learning,All Grades,2018,All Students,603,24.4,0.8236,BROOKLYN
17K375,P.S. 375 Jackie Robinson School,All Grades,2018,All Students,595,33.9,0.8563,BROOKLYN
17K382,Academy for College Preparation and Career Explora,All Grades,2018,All Students,593,38.6,0.8009,BROOKLYN
17K394,M.S. K394,All Grades,2018,All Students,597,33.2,0.8575,BROOKLYN
17K397,P.S. 397 Foster-Laurie,All Grades,2018,All Students,603,29,0.8291,BROOKLYN
17K398,P.S. 398 Walter Weaver,All Grades,2018,All Students,592,43.8,0.9197,BROOKLYN
17K399,P.S. 399 Stanley Eugene Clark,All Grades,2018,All Students,596,40.9,0.8237,BROOKLYN
17K484,Ronald Edmonds Learning Center II,All Grades,2018,All Students,601,33.1,0.9116,BROOKLYN
17K531,"School for Human Rights, The",All Grades,2018,All Students,599,27.7,0.7684,BROOKLYN
17K532,New Bridges Elementary,All Grades,2018,All Students,594,25.1,0.8707,BROOKLYN
17K543,"Science, Technology and Research Early College Hig",All Grades,2018,All Students,611,8,0.6220,BROOKLYN
17K590,Medgar Evers College Preparatory School,All Grades,2018,All Students,618,15,0.5469,BROOKLYN
17K705,Brooklyn Arts and Science Elementary School,All Grades,2018,All Students,592,22.6,0.6124,BROOKLYN
17K722,New Heights Middle School,All Grades,2018,All Students,592,21.1,0.8488,BROOKLYN
17K770,P.S. 770 New American Academy,All Grades,2018,All Students,600,24,0.5821,BROOKLYN
18K066,P.S. 66,All Grades,2018,All Students,599,17.5,0.6080,BROOKLYN
18K068,I.S. 068 Isaac Bildersee,All Grades,2018,All Students,590,28.3,0.7628,BROOKLYN
18K114,P.S. 114 Ryder Elementary,All Grades,2018,All Students,600,41.3,0.8215,BROOKLYN
18K115,P.S. 115 Daniel Mucatel School,All Grades,2018,All Students,600,21.9,0.6672,BROOKLYN
18K135,P.S. 135 Sheldon A. Brookner,All Grades,2018,All Students,596,24.9,0.8056,BROOKLYN
18K208,P.S. 208 Elsa Ebeling,All Grades,2018,All Students,594,29.9,0.7203,BROOKLYN
18K211,I.S. 211 John Wilson,All Grades,2018,All Students,595,31,0.7069,BROOKLYN
18K219,P.S. 219 Kennedy-King,All Grades,2018,All Students,594,36,0.8340,BROOKLYN
18K233,P.S. 233 Langston Hughes,All Grades,2018,All Students,598,38.9,0.7207,BROOKLYN
18K235,P.S. 235 Janice Marie Knight School,All Grades,2018,All Students,612,12.1,0.5645,BROOKLYN
18K244,P.S. 244 Richard R. Green,All Grades,2018,All Students,601,31.3,0.7107,BROOKLYN
18K268,P.S. 268 Emma Lazarus,All Grades,2018,All Students,596,31.4,0.8190,BROOKLYN
18K272,P.S. 272 Curtis Estabrook,All Grades,2018,All Students,589,45.7,0.8805,BROOKLYN
18K276,P.S. 276 Louis Marshall,All Grades,2018,All Students,594,27.5,0.7122,BROOKLYN
18K279,P.S. 279 Herman Schreiber,All Grades,2018,All Students,597,31.6,0.6743,BROOKLYN
18K285,I.S. 285 Meyer Levin,All Grades,2018,All Students,597,37.8,0.7370,BROOKLYN
18K366,The Science And Medicine Middle School,All Grades,2018,All Students,596,24.1,0.6964,BROOKLYN
18K581,East Flatbush Community Research School,All Grades,2018,All Students,591,27.1,0.8250,BROOKLYN
18K588,Middle School for Art and Philosophy,All Grades,2018,All Students,595,27.9,0.7579,BROOKLYN
18K598,Middle School of Marketing and Legal Studies,All Grades,2018,All Students,594,27.9,0.7579,BROOKLYN
18K763,Brooklyn Science and Engineering Academy,All Grades,2018,All Students,601,12.6,0.5625,BROOKLYN
19K007,P.S. 007 Abraham Lincoln,All Grades,2018,All Students,595,28,0.8198,BROOKLYN
19K013,P.S. 013 Roberto Clemente,All Grades,2018,All Students,592,49.3,0.9457,BROOKLYN
19K065,P.S. 065,All Grades,2018,All Students,606,26.4,0.8656,BROOKLYN
19K089,P.S. 089 Cypress Hills,All Grades,2018,All Students,590,13.9,0.8704,BROOKLYN
19K108,P.S. 108 Sal Abbracciamento,All Grades,2018,All Students,607,27.1,0.8623,BROOKLYN
19K149,P.S. 149 Danny Kaye,All Grades,2018,All Students,594,41.4,0.9093,BROOKLYN
19K158,P.S. 158 Warwick,All Grades,2018,All Students,594,44.4,0.9089,BROOKLYN
19K159,P.S. 159 Isaac Pitkin,All Grades,2018,All Students,597,36.3,0.8991,BROOKLYN
19K171,I.S. 171 Abraham Lincoln,All Grades,2018,All Students,593,21.5,0.8971,BROOKLYN
19K190,P.S. 190 Sheffield,All Grades,2018,All Students,598,52.6,0.9131,BROOKLYN
19K202,P.S. 202 Ernest S. Jenkyns,All Grades,2018,All Students,585,54.1,0.9276,BROOKLYN
19K213,P.S. 213 New Lots,All Grades,2018,All Students,585,53.5,0.9453,BROOKLYN
19K214,P.S. 214 Michael Friedsam,All Grades,2018,All Students,593,39.5,0.8840,BROOKLYN
19K218,J.H.S. 218 James P. Sinnott,All Grades,2018,All Students,586,42.9,0.9319,BROOKLYN
19K224,P.S. 224 Hale A. Woodruff,All Grades,2018,All Students,588,58.3,0.9276,BROOKLYN
19K273,P.S. 273 Wortman,All Grades,2018,All Students,591,49.2,0.8905,BROOKLYN
19K290,P.S. 290 Juan Morel Campos,All Grades,2018,All Students,595,31.5,0.8892,BROOKLYN
19K292,J.H.S. 292 Margaret S. Douglas,All Grades,2018,All Students,597,38.9,0.9362,BROOKLYN
19K306,P.S. 306 Ethan Allen,All Grades,2018,All Students,591,51.2,0.9500,BROOKLYN
19K325,The Fresh Creek School,All Grades,2018,All Students,601,51,0.9148,BROOKLYN
19K328,P.S. 328 Phyllis Wheatley,All Grades,2018,All Students,591,41.7,0.9500,BROOKLYN
19K345,P.S. 345 Patrolman Robert Bolden,All Grades,2018,All Students,590,38.8,0.8999,BROOKLYN
19K346,P.S. 346 Abe Stark,All Grades,2018,All Students,594,29.5,0.7480,BROOKLYN
19K364,I.S. 364 Gateway,All Grades,2018,All Students,594,35.8,0.8252,BROOKLYN
19K404,Academy for Young Writers,All Grades,2018,All Students,597,39.9,0.8027,BROOKLYN
19K409,East New York Family Academy,All Grades,2018,All Students,599,37.8,0.8157,BROOKLYN
19K422,Spring Creek Community School,All Grades,2018,All Students,594,32.6,0.8136,BROOKLYN
19K452,Frederick Douglass Academy VIII Middle School,All Grades,2018,All Students,601,21.8,0.7245,BROOKLYN
19K557,Brooklyn Gardens Elementary School,All Grades,2018,All Students,590,38,0.9500,BROOKLYN
19K654,Van Siclen Community Middle School,All Grades,2018,All Students,587,39.9,0.9173,BROOKLYN
19K661,Vista Academy,All Grades,2018,All Students,598,21.7,0.8439,BROOKLYN
19K662,Liberty Avenue Middle School,All Grades,2018,All Students,592,26.7,0.8961,BROOKLYN
19K663,School of the Future Brooklyn,All Grades,2018,All Students,585,45.5,0.9491,BROOKLYN
19K677,East New York Elementary School of Excellence,All Grades,2018,All Students,588,48.1,0.9143,BROOKLYN
19K678,East New York Middle School of Excellence,All Grades,2018,All Students,590,29.4,0.9023,BROOKLYN
19K760,Highland Park Community School,All Grades,2018,All Students,594,27.7,0.8488,BROOKLYN
20K030,P.S./I.S. 30 Mary White Ovington,All Grades,2018,All Students,605,11,0.7606,BROOKLYN
20K048,P.S. 048 Mapleton,All Grades,2018,All Students,604,19.5,0.7965,BROOKLYN
20K062,J.H.S. 062 Ditmas,All Grades,2018,All Students,602,14.5,0.8380,BROOKLYN
20K069,P.S. 69 Vincent D. Grippo School,All Grades,2018,All Students,608,3.9,0.9235,BROOKLYN
20K102,P.S. 102 The Bayview,All Grades,2018,All Students,610,10.4,0.6267,BROOKLYN
20K104,P.S./I.S. 104 The Fort Hamilton School,All Grades,2018,All Students,610,13.2,0.5504,BROOKLYN
20K105,P.S. 105 The Blythebourne,All Grades,2018,All Students,604,2.7,0.9274,BROOKLYN
20K112,P.S. 112 Lefferts Park,All Grades,2018,All Students,609,17.2,0.7563,BROOKLYN
20K127,P.S. 127 Mckinley Park,All Grades,2018,All Students,604,13.1,0.6688,BROOKLYN
20K160,P.S. 160 William T. Sampson,All Grades,2018,All Students,604,3.9,0.9204,BROOKLYN
20K163,P.S. 163 Bath Beach,All Grades,2018,All Students,604,19.3,0.7614,BROOKLYN
20K164,P.S. 164 Caesar Rodney,All Grades,2018,All Students,606,12.3,0.8937,BROOKLYN
20K170,Ralph A. Fabrizio School,All Grades,2018,All Students,604,8.7,0.8283,BROOKLYN
20K176,P.S. 176 Ovington,All Grades,2018,All Students,610,6.2,0.7995,BROOKLYN
20K179,P.S. 179 Kensington,All Grades,2018,All Students,596,22,0.9044,BROOKLYN
20K180,The SEEALL Academy,All Grades,2018,All Students,606,8.7,0.8472,BROOKLYN
20K185,P.S. 185 Walter Kassenbrock,All Grades,2018,All Students,610,9.5,0.3902,BROOKLYN
20K186,P.S. 186 Dr. Irving A Gladstone,All Grades,2018,All Students,604,10.7,0.7708,BROOKLYN
20K187,The Christa McAuliffe School\I.S. 187,All Grades,2018,All Students,629,3,0.5859,BROOKLYN
20K192,P.S. 192 - The Magnet School for Math and Science,All Grades,2018,All Students,603,22.4,0.8999,BROOKLYN
20K200,P.S. 200 Benson School,All Grades,2018,All Students,601,17.7,0.7824,BROOKLYN
20K201,J.H.S. 201 The Dyker Heights,All Grades,2018,All Students,612,7.4,0.6390,BROOKLYN
20K204,P.S. 204 Vince Lombardi,All Grades,2018,All Students,613,8.1,0.6519,BROOKLYN
20K205,P.S. 205 Clarion,All Grades,2018,All Students,608,13.1,0.7334,BROOKLYN
20K220,J.H.S. 220 John J. Pershing,All Grades,2018,All Students,597,9.2,0.9120,BROOKLYN
20K223,J.H.S. 223 The Montauk,All Grades,2018,All Students,601,11.9,0.9046,BROOKLYN
20K227,J.H.S. 227 Edward B. Shallow,All Grades,2018,All Students,598,12,0.8491,BROOKLYN
20K229,P.S. 229 Dyker,All Grades,2018,All Students,611,8.8,0.5051,BROOKLYN
20K247,P.S. 247 Brooklyn,All Grades,2018,All Students,612,10.9,0.7141,BROOKLYN
20K259,J.H.S. 259 William Mckinley,All Grades,2018,All Students,610,10.1,0.7411,BROOKLYN
20K264,P.S. 264 Bay Ridge Elementary School For The Arts,All Grades,2018,All Students,609,12,0.6362,BROOKLYN
20K310,The School For Future Leaders,All Grades,2018,All Students,611,2.8,0.8931,BROOKLYN
20K503,P.S. 503: The School of Discovery,All Grades,2018,All Students,594,14.7,0.9368,BROOKLYN
20K506,P.S. 506: The School of Journalism & Technology,All Grades,2018,All Students,595,18.9,0.9126,BROOKLYN
20K609,Urban Assembly School for Criminal Justice,All Grades,2018,All Students,606,26,0.8614,BROOKLYN
20K682,The Academy of Talented Scholars,All Grades,2018,All Students,617,11.1,0.3941,BROOKLYN
20K686,Brooklyn School of Inquiry,All Grades,2018,All Students,622,9.7,0.2715,BROOKLYN
20K748,P.S. 748 Brooklyn School for Global Scholars,All Grades,2018,All Students,611,9.1,0.6545,BROOKLYN
20K971,"School of Math, Science, and Healthy Living",All Grades,2018,All Students,601,11,0.8856,BROOKLYN
21K090,P.S. 90 Edna Cohen School,All Grades,2018,All Students,597,37.1,0.8911,BROOKLYN
21K095,P.S. 095 The Gravesend,All Grades,2018,All Students,607,15.8,0.7948,BROOKLYN
21K096,I.S. 096 Seth Low,All Grades,2018,All Students,598,16.7,0.8285,BROOKLYN
21K097,P.S. 97 The Highlawn,All Grades,2018,All Students,602,13.8,0.7094,BROOKLYN
21K098,I.S. 98 Bay Academy,All Grades,2018,All Students,624,8.7,0.4927,BROOKLYN
21K099,P.S. 099 Isaac Asimov,All Grades,2018,All Students,599,32.4,0.8074,BROOKLYN
21K100,P.S. 100 The Coney Island School,All Grades,2018,All Students,611,16.2,0.4502,BROOKLYN
21K101,P.S. 101 The Verrazano,All Grades,2018,All Students,614,12.2,0.6880,BROOKLYN
21K121,P.S. 121 Nelson A. Rockefeller,All Grades,2018,All Students,605,16.5,0.7266,BROOKLYN
21K128,P.S. 128 Bensonhurst,All Grades,2018,All Students,594,17.8,0.8158,BROOKLYN
21K153,P.S. 153 Homecrest,All Grades,2018,All Students,603,24.4,0.8243,BROOKLYN
21K177,P.S. 177 The Marlboro,All Grades,2018,All Students,600,22.9,0.8034,BROOKLYN
21K188,P.S. 188 Michael E. Berdy,All Grades,2018,All Students,591,56,0.9224,BROOKLYN
21K199,P.S. 199 Frederick Wachtel,All Grades,2018,All Students,602,22.9,0.8120,BROOKLYN
21K209,P.S. 209 Margaret Mead,All Grades,2018,All Students,602,18.7,0.7003,BROOKLYN
21K212,P.S. 212 Lady Deborah Moody,All Grades,2018,All Students,599,31.7,0.8512,BROOKLYN
21K215,P.S. 215 Morris H. Weiss,All Grades,2018,All Students,610,22.9,0.6946,BROOKLYN
21K216,P.S. 216 Arturo Toscanini,All Grades,2018,All Students,605,25.6,0.6786,BROOKLYN
21K225,P.S. K225 - The Eileen E. Zaglin,All Grades,2018,All Students,596,31,0.8268,BROOKLYN
21K226,P.S. 226 Alfred De B. Mason,All Grades,2018,All Students,606,18.6,0.7951,BROOKLYN
21K228,I.S. 228 David A. Boody,All Grades,2018,All Students,606,15.7,0.7032,BROOKLYN
21K238,P.S. 238 Anne Sullivan,All Grades,2018,All Students,594,28,0.8687,BROOKLYN
21K239,Mark Twain I.S. 239 for the Gifted & Talented,All Grades,2018,All Students,624,7.8,0.3572,BROOKLYN
21K253,P.S. 253,All Grades,2018,All Students,614,17.8,0.8957,BROOKLYN
21K281,I.S. 281 Joseph B Cavallaro,All Grades,2018,All Students,604,18.1,0.7617,BROOKLYN
21K288,P.S. 288 The Shirley Tanyhill,All Grades,2018,All Students,591,49.5,0.9500,BROOKLYN
21K303,I.S. 303 Herbert S. Eisenberg,All Grades,2018,All Students,601,26.6,0.8172,BROOKLYN
21K329,P.S. 329 Surfside,All Grades,2018,All Students,589,48.6,0.9346,BROOKLYN
21K468,Kingsborough Early College School,All Grades,2018,All Students,605,23.4,0.6520,BROOKLYN
21K690,Brooklyn Studio Secondary School,All Grades,2018,All Students,604,35.4,0.7526,BROOKLYN
22K014,J.H.S. 014 Shell Bank,All Grades,2018,All Students,593,26.7,0.8267,BROOKLYN
22K052,P.S. 052 Sheepshead Bay,All Grades,2018,All Students,601,28.4,0.7008,BROOKLYN
22K078,J.H.S. 078 Roy H. Mann,All Grades,2018,All Students,595,15,0.7033,BROOKLYN
22K109,P.S. 109,All Grades,2018,All Students,598,28.8,0.7497,BROOKLYN
22K119,P.S. 119 Amersfort,All Grades,2018,All Students,597,17.7,0.7261,BROOKLYN
22K134,P.S. K134,All Grades,2018,All Students,613,12.1,0.8500,BROOKLYN
22K139,P.S. 139 Alexine A. Fenty,All Grades,2018,All Students,596,21.3,0.7528,BROOKLYN
22K152,School of Science & Technology,All Grades,2018,All Students,594,23.8,0.8241,BROOKLYN
22K193,P.S. 193 Gil Hodges,All Grades,2018,All Students,601,19.4,0.6607,BROOKLYN
22K194,P.S. 194 Raoul Wallenberg,All Grades,2018,All Students,596,34.1,0.9045,BROOKLYN
22K195,P.S. 195 Manhattan Beach,All Grades,2018,All Students,612,19.4,0.3176,BROOKLYN
22K197,P.S. 197 - The Kings Highway Academy,All Grades,2018,All Students,603,23.4,0.6907,BROOKLYN
22K198,P.S. 198 Brooklyn,All Grades,2018,All Students,597,31.5,0.7498,BROOKLYN
22K203,P.S. 203 Floyd Bennett School,All Grades,2018,All Students,597,24.4,0.6581,BROOKLYN
22K206,P.S. 206 Joseph F Lamb,All Grades,2018,All Students,608,11.2,0.6076,BROOKLYN
22K207,P.S. 207 Elizabeth G. Leary,All Grades,2018,All Students,607,15.1,0.3886,BROOKLYN
22K217,P.S. 217 Colonel David Marcus School,All Grades,2018,All Students,601,26,0.8021,BROOKLYN
22K222,P.S. 222 Katherine R. Snyder,All Grades,2018,All Students,612,12,0.4353,BROOKLYN
22K234,J.H.S. 234 Arthur W. Cunningham,All Grades,2018,All Students,610,20,0.6288,BROOKLYN
22K236,P.S. 236 Mill Basin,All Grades,2018,All Students,613,14.6,0.3661,BROOKLYN
22K240,Andries Hudde,All Grades,2018,All Students,598,22.1,0.7364,BROOKLYN
22K245,P.S. 245,All Grades,2018,All Students,601,15.8,0.8238,BROOKLYN
22K251,P.S. 251 Paerdegat,All Grades,2018,All Students,593,33.5,0.7703,BROOKLYN
22K254,P.S. 254 Dag Hammarskjold,All Grades,2018,All Students,609,19,0.5491,BROOKLYN
22K255,P.S. 255 Barbara Reing School,All Grades,2018,All Students,604,21.1,0.7264,BROOKLYN
22K269,P.S. 269 Nostrand,All Grades,2018,All Students,593,21.1,0.7264,BROOKLYN
22K277,P.S. 277 Gerritsen Beach,All Grades,2018,All Students,610,13.6,0.3858,BROOKLYN
22K278,J.H.S. 278 Marine Park,All Grades,2018,All Students,605,18.4,0.5504,BROOKLYN
22K312,P.S. 312 Bergen Beach,All Grades,2018,All Students,611,17.2,0.4537,BROOKLYN
22K315,P.S. K315,All Grades,2018,All Students,599,24.5,0.8354,BROOKLYN
22K381,I. S. 381,All Grades,2018,All Students,604,23.2,0.7058,BROOKLYN
22K890,M.S. 890,All Grades,2018,All Students,591,4.7,0.7321,BROOKLYN
23K041,P.S. 041 Francis White,All Grades,2018,All Students,590,51.6,0.9500,BROOKLYN
23K137,P.S./I.S. 137 Rachel Jean Mitchell,All Grades,2018,All Students,595,36.2,0.8954,BROOKLYN
23K150,P.S. 150 Christopher,All Grades,2018,All Students,583,49.8,0.9500,BROOKLYN
23K155,P.S./ I.S. 155 Nicholas Herkimer,All Grades,2018,All Students,594,52.7,0.9380,BROOKLYN
23K156,P.S. 156 Waverly,All Grades,2018,All Students,590,41.5,0.8899,BROOKLYN
23K165,P.S. 165 Ida Posner,All Grades,2018,All Students,593,50.8,0.9500,BROOKLYN
23K178,P.S. 178 Saint Clair Mckelway,All Grades,2018,All Students,595,52.6,0.9184,BROOKLYN
23K184,P.S. 184 Newport,All Grades,2018,All Students,590,50.2,0.9500,BROOKLYN
23K284,"The Gregory Jocko Jackson School of Sports, Art, a",All Grades,2018,All Students,591,38.8,0.9500,BROOKLYN
23K298,P.S. 298 Dr. Betty Shabazz,All Grades,2018,All Students,591,40.1,0.9500,BROOKLYN
23K323,P.S./I.S. 323,All Grades,2018,All Students,589,45.2,0.9260,BROOKLYN
23K327,P.S. 327 Dr. Rose B. English,All Grades,2018,All Students,585,53.5,0.9442,BROOKLYN
23K363,Brownsville Collaborative Middle School,All Grades,2018,All Students,591,53.3,0.9500,BROOKLYN
23K392,I.S. 392,All Grades,2018,All Students,609,12.4,0.6645,BROOKLYN
23K401,Christopher Avenue Community School,All Grades,2018,All Students,594,59.7,0.9500,BROOKLYN
23K446,Riverdale Avenue Community School,All Grades,2018,All Students,590,51.3,0.9468,BROOKLYN
23K518,Kappa V (Knowledge and Power Preparatory Academy),All Grades,2018,All Students,595,35.5,0.8286,BROOKLYN
23K522,Mott Hall IV,All Grades,2018,All Students,596,36.5,0.9104,BROOKLYN
23K599,Brooklyn Landmark Elementary School,All Grades,2018,All Students,611,30.4,0.8087,BROOKLYN
23K644,Eagle Academy for Young Men II,All Grades,2018,All Students,593,24,0.7464,BROOKLYN
23K664,Brooklyn Environmental Exploration School (BEES),All Grades,2018,All Students,594,46.9,0.9237,BROOKLYN
23K668,Riverdale Avenue Middle School,All Grades,2018,All Students,590,48.6,0.8937,BROOKLYN
23K671,Mott Hall Bridges Academy,All Grades,2018,All Students,595,35.7,0.9146,BROOKLYN
23K697,Teachers Preparatory High School,All Grades,2018,All Students,586,59.8,0.8854,BROOKLYN
24Q005,I.S. 5 - The Walter Crowley Intermediate School,All Grades,2018,All Students,608,11.2,0.7796,QUEENS
24Q007,P.S. 007 Louis F. Simeone,All Grades,2018,All Students,603,12.7,0.7803,QUEENS
24Q012,P.S. 012 James B. Colgate,All Grades,2018,All Students,606,10.8,0.7585,QUEENS
24Q013,P.S. 013 Clement C. Moore,All Grades,2018,All Students,600,14.8,0.7764,QUEENS
24Q014,P.S. 014 Fairview,All Grades,2018,All Students,593,17.9,0.8934,QUEENS
24Q016,P.S. Q016 The Nancy DeBenedittis School,All Grades,2018,All Students,593,10.3,0.9056,QUEENS
24Q019,P.S. 019 Marino Jeantet,All Grades,2018,All Students,595,10.8,0.8906,QUEENS
24Q049,P.S. 049 Dorothy Bonawit Kole,All Grades,2018,All Students,609,11.3,0.3850,QUEENS
24Q058,P.S. 58 - The School of Heroes,All Grades,2018,All Students,607,12.3,0.5956,QUEENS
24Q061,I.S. 061 Leonardo Da Vinci,All Grades,2018,All Students,596,18,0.8674,QUEENS
24Q068,P.S. 068 Cambridge,All Grades,2018,All Students,601,24.9,0.7437,QUEENS
24Q071,P.S. 071 Forest,All Grades,2018,All Students,598,30.3,0.7384,QUEENS
24Q073,I.S. 73 - The Frank Sansivieri Intermediate School,All Grades,2018,All Students,606,11.6,0.7238,QUEENS
24Q077,I.S. 077,All Grades,2018,All Students,596,25.9,0.8125,QUEENS
24Q081,P.S. 81Q Jean Paul Richter,All Grades,2018,All Students,599,17.3,0.8703,QUEENS
24Q087,P.S./I.S. 087 Middle Village,All Grades,2018,All Students,603,21.9,0.5779,QUEENS
24Q088,P.S. 088 Seneca,All Grades,2018,All Students,596,25.5,0.6823,QUEENS
24Q089,P.S. 089 Elmhurst,All Grades,2018,All Students,601,13.3,0.8192,QUEENS
24Q091,P.S. 091 Richard Arkwright,All Grades,2018,All Students,599,31.1,0.5364,QUEENS
24Q093,I.S. 093 Ridgewood,All Grades,2018,All Students,599,16.2,0.7667,QUEENS
24Q102,P.S. 102 Bayview,All Grades,2018,All Students,608,11,0.6823,QUEENS
24Q110,P.S. 110,All Grades,2018,All Students,596,13.2,0.9045,QUEENS
24Q113,P.S./I.S. 113 Anthony J. Pranzo,All Grades,2018,All Students,608,11.4,0.3385,QUEENS
24Q119,I.S. 119 The Glendale,All Grades,2018,All Students,615,10,0.4717,QUEENS
24Q125,I.S. 125 Thom J. McCann Woodside,All Grades,2018,All Students,604,12.9,0.7941,QUEENS
24Q128,"P.S. 128 The Lorraine Tuzzo, Juniper Valley Elemen",All Grades,2018,All Students,615,8.8,0.2601,QUEENS
24Q143,P.S. 143 Louis Armstrong,All Grades,2018,All Students,589,19.2,0.9140,QUEENS
24Q153,P.S. 153 Maspeth Elem,All Grades,2018,All Students,607,18.3,0.5854,QUEENS
24Q199,P.S. 199 Maurice A. Fitzgerald,All Grades,2018,All Students,602,25.3,0.7557,QUEENS
24Q211,Elm Tree Elementary School,All Grades,2018,All Students,594,19.6,0.8795,QUEENS
24Q229,P.S. 229 Emanuel Kaplan,All Grades,2018,All Students,606,14.6,0.5790,QUEENS
24Q239,P.S. 239,All Grades,2018,All Students,598,21.9,0.8735,QUEENS
24Q290,A.C.E. Academy for Scholars at the Geraldine Ferra,All Grades,2018,All Students,611,10.8,0.5791,QUEENS
24Q305,Learners and Leaders,All Grades,2018,All Students,604,22.1,0.7844,QUEENS
24Q307,Pioneer Academy,All Grades,2018,All Students,597,9,0.8868,QUEENS
24Q311,Corona Arts & Sciences Academy,All Grades,2018,All Students,594,10.6,0.8916,QUEENS
24Q330,P.S. 330,All Grades,2018,All Students,596,17.6,0.8694,QUEENS
24Q343,The Children's Lab School,All Grades,2018,All Students,597,24,0.7700,QUEENS
24Q560,"Robert F. Wagner, Jr. Secondary School for Arts an",All Grades,2018,All Students,617,18,0.6348,QUEENS
24Q877,The 51 Avenue Academy (The Path To Academic Excell,All Grades,2018,All Students,606,5.7,0.7120,QUEENS
25Q020,P.S. 020 John Bowne,All Grades,2018,All Students,604,15.1,0.8464,QUEENS
25Q021,P.S. 021 Edward Hart,All Grades,2018,All Students,608,13.7,0.6578,QUEENS
25Q022,P.S. 022 Thomas Jefferson,All Grades,2018,All Students,608,9.1,0.7819,QUEENS
25Q024,P.S. 024 Andrew Jackson,All Grades,2018,All Students,610,7.2,0.7389,QUEENS
25Q025,I.S. 025 Adrien Block,All Grades,2018,All Students,610,7.3,0.4963,QUEENS
25Q029,P.S. 029 Queens,All Grades,2018,All Students,604,17.1,0.7271,QUEENS
25Q032,P.S. 032 State Street,All Grades,2018,All Students,613,10.2,0.5784,QUEENS
25Q079,P.S. 079 Francis Lewis,All Grades,2018,All Students,615,9.1,0.4171,QUEENS
25Q107,P.S. 107 Thomas A Dooley,All Grades,2018,All Students,608,14.6,0.5957,QUEENS
25Q120,P.S. 120 Queens,All Grades,2018,All Students,602,9.2,0.7861,QUEENS
25Q129,P.S. 129 Patricia Larkin,All Grades,2018,All Students,609,15.3,0.6420,QUEENS
25Q130,P.S. 130,All Grades,2018,All Students,613,12,0.4178,QUEENS
25Q154,P.S. 154 Queens,All Grades,2018,All Students,608,18.9,0.6964,QUEENS
25Q163,P.S. 163 Flushing Heights,All Grades,2018,All Students,609,10.4,0.6897,QUEENS
25Q164,P.S. 164 Queens Valley,All Grades,2018,All Students,606,14.4,0.5569,QUEENS
25Q165,P.S. 165 Edith K. Bergtraum,All Grades,2018,All Students,607,22.5,0.6344,QUEENS
25Q169,P.S. 169 Bay Terrace,All Grades,2018,All Students,608,13,0.2816,QUEENS
25Q184,P.S. 184 Flushing Manor,All Grades,2018,All Students,612,9.9,0.3704,QUEENS
25Q185,J.H.S. 185 Edward Bleeker,All Grades,2018,All Students,609,10.5,0.6265,QUEENS
25Q189,J.H.S. 189 Daniel Carter Beard,All Grades,2018,All Students,600,6.2,0.8040,QUEENS
25Q193,P.S. 193 Alfred J. Kennedy,All Grades,2018,All Students,609,12.7,0.2821,QUEENS
25Q194,J.H.S. 194 William Carr,All Grades,2018,All Students,608,13.4,0.4839,QUEENS
25Q200,P.S./M.S. 200 - The Pomonok School & STAR Academy,All Grades,2018,All Students,605,23.4,0.5516,QUEENS
25Q201,P.S. 201 The Discovery School for Inquiry and Rese,All Grades,2018,All Students,597,28.8,0.7787,QUEENS
25Q209,P.S. 209 Clearview Gardens,All Grades,2018,All Students,611,7.3,0.3315,QUEENS
25Q214,P.S. 214 Cadwallader Colden,All Grades,2018,All Students,609,12.2,0.7208,QUEENS
25Q219,P.S. 219 Paul Klapper,All Grades,2018,All Students,604,16.6,0.5902,QUEENS
25Q237,I.S. 237,All Grades,2018,All Students,603,11.7,0.7400,QUEENS
25Q242,P.S. 242 Leonard P. Stavisky Early Childhood Schoo,All Grades,2018,All Students,611,9.6,0.6073,QUEENS
25Q244,The Active Learning Elementary School,All Grades,2018,All Students,617,8.4,0.7057,QUEENS
25Q250,I.S. 250 The Robert F. Kennedy Community Middle Sc,All Grades,2018,All Students,599,26.7,0.7348,QUEENS
25Q252,"Queens School of Inquiry, The",All Grades,2018,All Students,605,15.5,0.5615,QUEENS
25Q281,East-West School of International Studies,All Grades,2018,All Students,613,13.3,0.6977,QUEENS
25Q285,World Journalism Preparatory: A College Board Scho,All Grades,2018,All Students,611,21.8,0.4419,QUEENS
25Q294,BELL Academy,All Grades,2018,All Students,613,10.4,0.3937,QUEENS
25Q499,"The Queens College School for Math, Science and Te",All Grades,2018,All Students,617,5.2,0.4036,QUEENS
26Q018,P.S. 018 Winchester,All Grades,2018,All Students,613,8.9,0.4310,QUEENS
26Q026,P.S. 026 Rufus King,All Grades,2018,All Students,611,16.3,0.5690,QUEENS
26Q031,P.S. 031 Bayside,All Grades,2018,All Students,608,12.6,0.4575,QUEENS
26Q041,P.S. 041 Crocheron,All Grades,2018,All Students,619,7.7,0.3346,QUEENS
26Q046,P.S. 046 Alley Pond,All Grades,2018,All Students,612,10.6,0.4373,QUEENS
26Q067,J.H.S. 067 Louis Pasteur,All Grades,2018,All Students,615,5.3,0.3194,QUEENS
26Q074,J.H.S. 074 Nathaniel Hawthorne,All Grades,2018,All Students,615,5.3,0.3943,QUEENS
26Q094,P.S. 094 David D. Porter,All Grades,2018,All Students,617,4.9,0.4187,QUEENS
26Q098,P.S. 098 The Douglaston School,All Grades,2018,All Students,615,8.7,0.2071,QUEENS
26Q115,The James J. Ambrose School,All Grades,2018,All Students,616,13,0.3843,QUEENS
26Q133,P.S. 133 Queens,All Grades,2018,All Students,612,10.9,0.4347,QUEENS
26Q158,M.S. 158 Marie Curie,All Grades,2018,All Students,611,8.2,0.4402,QUEENS
26Q159,P.S. 159,All Grades,2018,All Students,614,6,0.4162,QUEENS
26Q162,P.S. 162 John Golden,All Grades,2018,All Students,609,7.2,0.4615,QUEENS
26Q172,Irwin Altman Middle School 172,All Grades,2018,All Students,611,7.4,0.4366,QUEENS
26Q173,P.S. 173 Fresh Meadows,All Grades,2018,All Students,613,9.6,0.4453,QUEENS
26Q178,P.S./ IS 178 Holliswood,All Grades,2018,All Students,607,11.3,0.3316,QUEENS
26Q186,P.S. 186 Castlewood,All Grades,2018,All Students,611,15.1,0.2912,QUEENS
26Q188,P.S. 188 Kingsbury,All Grades,2018,All Students,622,4.4,0.2264,QUEENS
26Q191,P.S. 191 Mayflower,All Grades,2018,All Students,611,13.3,0.5111,QUEENS
26Q203,P.S. 203 Oakland Gardens,All Grades,2018,All Students,620,7.5,0.3248,QUEENS
26Q205,P.S. 205 Alexander Graham Bell,All Grades,2018,All Students,614,8.4,0.2333,QUEENS
26Q213,P.S. 213 The Carl Ullman School,All Grades,2018,All Students,611,19.3,0.4926,QUEENS
26Q216,J.H.S. 216 George J. Ryan,All Grades,2018,All Students,616,7.3,0.5446,QUEENS
26Q221,P.S. 221 The North Hills School,All Grades,2018,All Students,612,8.1,0.2672,QUEENS
26Q266,P.S./I.S. 266,All Grades,2018,All Students,609,11.9,0.3581,QUEENS
27Q042,P.S./M.S 042 R. Vernam,All Grades,2018,All Students,587,53.5,0.9113,QUEENS
27Q043,P.S. 043,All Grades,2018,All Students,590,43.6,0.8704,QUEENS
27Q045,P.S. 045 Clarence Witherspoon,All Grades,2018,All Students,591,34.7,0.7466,QUEENS
27Q047,P.S. 047 Chris Galas,All Grades,2018,All Students,607,20.2,0.3821,QUEENS
27Q053,M.S. 053 Brian Piccolo,All Grades,2018,All Students,583,39.3,0.8674,QUEENS
27Q056,P.S. 056 Harry Eichler,All Grades,2018,All Students,603,17.4,0.6906,QUEENS
27Q060,P.S. 060 Woodhaven,All Grades,2018,All Students,604,25.3,0.7701,QUEENS
27Q062,P. S. 62 - Chester Park School,All Grades,2018,All Students,604,19.6,0.7373,QUEENS
27Q063,P.S. 063 Old South,All Grades,2018,All Students,602,27.5,0.7061,QUEENS
27Q064,P.S. 064 Joseph P. Addabbo,All Grades,2018,All Students,605,22.7,0.7976,QUEENS
27Q065,P.S. 65 - The Raymond York Elementary School,All Grades,2018,All Students,608,33.7,0.7743,QUEENS
27Q066,P.S. 066 Jacqueline Kennedy Onassis,All Grades,2018,All Students,604,23.8,0.6778,QUEENS
27Q090,P.S. 090 Horace Mann,All Grades,2018,All Students,601,20.9,0.7536,QUEENS
27Q096,P.S. 096,All Grades,2018,All Students,606,18.8,0.7145,QUEENS
27Q097,P.S. 097 Forest Park,All Grades,2018,All Students,603,21.5,0.7454,QUEENS
27Q100,P.S. 100 Glen Morris,All Grades,2018,All Students,603,25,0.6733,QUEENS
27Q104,P.S. 104 The Bays Water,All Grades,2018,All Students,594,29.6,0.8546,QUEENS
27Q105,P.S. 105 The Bay School,All Grades,2018,All Students,590,48,0.9367,QUEENS
27Q106,Lighthouse Elementary School,All Grades,2018,All Students,587,52.2,0.9342,QUEENS
27Q108,P.S. 108 Captain Vincent G. Fowler,All Grades,2018,All Students,607,19.6,0.6626,QUEENS
27Q114,P.S./M.S. 114 Belle Harbor,All Grades,2018,All Students,613,11,0.1776,QUEENS
27Q123,P.S. 123,All Grades,2018,All Students,598,22.1,0.7373,QUEENS
27Q124,P.S. 124 Osmond A Church,All Grades,2018,All Students,603,18.1,0.6869,QUEENS
27Q137,M.S. 137 America's School of Heroes,All Grades,2018,All Students,604,21.7,0.7176,QUEENS
27Q146,P.S. 146 Howard Beach,All Grades,2018,All Students,606,17.3,0.3203,QUEENS
27Q155,P.S. 155,All Grades,2018,All Students,606,18.3,0.6584,QUEENS
27Q183,P.S. 183 Dr. Richard R. Green,All Grades,2018,All Students,591,53.1,0.9131,QUEENS
27Q197,P.S. 197 The Ocean School,All Grades,2018,All Students,593,31.5,0.8864,QUEENS
27Q202,J.H.S. 202 Robert H. Goddard,All Grades,2018,All Students,603,16.6,0.7020,QUEENS
27Q207,P.S. 207 Rockwood Park,All Grades,2018,All Students,605,14.1,0.1777,QUEENS
27Q210,J.H.S. 210 Elizabeth Blackwell,All Grades,2018,All Students,598,24.8,0.7752,QUEENS
27Q223,P.S. 223 Lyndon B. Johnson,All Grades,2018,All Students,595,34.7,0.7601,QUEENS
27Q226,J.H.S. 226 Virgil I. Grissom,All Grades,2018,All Students,595,31.6,0.7111,QUEENS
27Q232,P.S. 232 Lindenwood,All Grades,2018,All Students,608,19.7,0.4986,QUEENS
27Q253,P.S. 253,All Grades,2018,All Students,590,31.4,0.8743,QUEENS
27Q254,P.S. 254 - The Rosa Parks School,All Grades,2018,All Students,601,17.7,0.6942,QUEENS
27Q262,Channel View School for Research,All Grades,2018,All Students,604,26.7,0.6488,QUEENS
27Q273,P.S. 273,All Grades,2018,All Students,598,25.3,0.7275,QUEENS
27Q282,Knowledge and Power Preparatory Academy VI,All Grades,2018,All Students,602,3.4,0.7559,QUEENS
27Q297,Hawtree Creek Middle School,All Grades,2018,All Students,600,18,0.6433,QUEENS
27Q306,New York City Academy for Discovery,All Grades,2018,All Students,597,24,0.6764,QUEENS
27Q309,Academy of Medical Technology: A College Board Sch,All Grades,2018,All Students,594,37.5,0.8078,QUEENS
27Q316,Queens Explorers Elementary School,All Grades,2018,All Students,604,20.3,0.6251,QUEENS
27Q317,Waterside Children's Studio School,All Grades,2018,All Students,601,21,0.6681,QUEENS
27Q318,Waterside School For Leadership,All Grades,2018,All Students,596,41.4,0.7748,QUEENS
27Q319,Village Academy,All Grades,2018,All Students,592,32.5,0.8331,QUEENS
27Q323,Scholars' Academy,All Grades,2018,All Students,623,9.8,0.3457,QUEENS
27Q333,Goldie Maple Academy,All Grades,2018,All Students,600,16.5,0.7065,QUEENS
27Q362,Wave Preparatory Elementary School,All Grades,2018,All Students,605,24.3,0.8333,QUEENS
28Q008,J.H.S. 008 Richard S. Grossley,All Grades,2018,All Students,594,28.6,0.8002,QUEENS
28Q040,P.S. 040 Samuel Huntington,All Grades,2018,All Students,594,44.4,0.8638,QUEENS
28Q048,P.S. 048 William Wordsworth,All Grades,2018,All Students,599,29.8,0.8493,QUEENS
28Q050,P.S. 050 Talfourd Lawn Elementary School,All Grades,2018,All Students,604,22.8,0.7768,QUEENS
28Q054,P.S. 054 Hillside,All Grades,2018,All Students,599,27,0.8361,QUEENS
28Q055,P.S. 055 Maure,All Grades,2018,All Students,601,24.5,0.7246,QUEENS
28Q072,Catherine & Count Basie Middle School 72,All Grades,2018,All Students,590,36.2,0.7599,QUEENS
28Q080,PS 80  The Thurgood Marshall Magnet School of Mult,All Grades,2018,All Students,597,29.3,0.6347,QUEENS
28Q082,P.S. 082 Hammond,All Grades,2018,All Students,598,15.7,0.8596,QUEENS
28Q086,P.S. Q086,All Grades,2018,All Students,601,26.3,0.8311,QUEENS
28Q099,P.S. 099 Kew Gardens,All Grades,2018,All Students,607,15.2,0.5732,QUEENS
28Q101,P.S. 101 School in the Gardens,All Grades,2018,All Students,618,10.3,0.1554,QUEENS
28Q117,P.S. 117 J. Keld / Briarwood School,All Grades,2018,All Students,601,29.5,0.6592,QUEENS
28Q121,P.S. 121 Queens,All Grades,2018,All Students,608,26.4,0.6116,QUEENS
28Q139,P.S. 139 Rego Park,All Grades,2018,All Students,603,13.9,0.5638,QUEENS
28Q140,P.S. 140 Edward K Ellington,All Grades,2018,All Students,605,38,0.7851,QUEENS
28Q144,P.S. 144 Col Jeromus Remsen,All Grades,2018,All Students,612,9.1,0.2114,QUEENS
28Q157,J.H.S. 157 Stephen A. Halsey,All Grades,2018,All Students,610,13.9,0.4475,QUEENS
28Q160,P.S. 160 Walter Francis Bishop,All Grades,2018,All Students,596,37.2,0.7751,QUEENS
28Q161,P.S. 161 Arthur Ashe School,All Grades,2018,All Students,607,23.8,0.7289,QUEENS
28Q167,Metropolitan Expeditionary Learning School,All Grades,2018,All Students,601,13.3,0.5402,QUEENS
28Q174,P.S. 174 William Sidney Mount,All Grades,2018,All Students,611,13.1,0.3547,QUEENS
28Q175,P.S. 175 The Lynn Gross Discovery School,All Grades,2018,All Students,602,22.8,0.4672,QUEENS
28Q182,P.S. 182 Samantha Smith,All Grades,2018,All Students,599,23.8,0.8173,QUEENS
28Q190,J.H.S. 190 Russell Sage,All Grades,2018,All Students,609,17.8,0.4263,QUEENS
28Q196,P.S. 196 Grand Central Parkway,All Grades,2018,All Students,624,7.1,0.2012,QUEENS
28Q206,P.S. 206 The Horace Harding School,All Grades,2018,All Students,597,21.8,0.6804,QUEENS
28Q217,J.H.S. 217 Robert A. Van Wyck,All Grades,2018,All Students,599,27.1,0.7391,QUEENS
28Q220,P.S. 220 Edward Mandel,All Grades,2018,All Students,602,18.4,0.6429,QUEENS
28Q284,York Early College Academy,All Grades,2018,All Students,610,14.1,0.5178,QUEENS
28Q287,The Emerson School,All Grades,2018,All Students,592,30.4,0.7658,QUEENS
28Q303,The Academy for Excellence through the Arts,All Grades,2018,All Students,628,4.2,0.2308,QUEENS
28Q310,Queens Collegiate: A College Board School,All Grades,2018,All Students,602,33.9,0.6861,QUEENS
28Q312,Jamaica Children's School,All Grades,2018,All Students,600,22.9,0.8133,QUEENS
28Q332,Redwood Middle School,All Grades,2018,All Students,594,32.9,0.6018,QUEENS
28Q354,The Jermaine L. Green STEM Institute of Queens,All Grades,2018,All Students,595,26.3,0.7033,QUEENS
28Q358,M.S. 358,All Grades,2018,All Students,597,18.9,0.7685,QUEENS
28Q680,Queens Gateway to Health Sciences Secondary School,All Grades,2018,All Students,625,10.8,0.5551,QUEENS
28Q896,"Young Women's Leadership School, Queens",All Grades,2018,All Students,617,15.8,0.6117,QUEENS
29Q015,P.S. 015 Jackie Robinson,All Grades,2018,All Students,597,25.6,0.6349,QUEENS
29Q033,P.S. 033 Edward M. Funk,All Grades,2018,All Students,603,17.4,0.6110,QUEENS
29Q034,P.S. 034 John Harvard,All Grades,2018,All Students,600,23.5,0.6636,QUEENS
29Q035,P.S. 035 Nathaniel Woodhull,All Grades,2018,All Students,598,21.9,0.7480,QUEENS
29Q036,P.S. 036 Saint Albans School,All Grades,2018,All Students,597,26.2,0.7355,QUEENS
29Q037,Cynthia Jenkins School,All Grades,2018,All Students,591,36.2,0.7315,QUEENS
29Q038,P.S. 038 Rosedale,All Grades,2018,All Students,604,21.8,0.5397,QUEENS
29Q052,P.S. 052 Queens,All Grades,2018,All Students,595,40.8,0.7673,QUEENS
29Q059,I.S. 059 Springfield Gardens,All Grades,2018,All Students,597,31.1,0.6206,QUEENS
29Q095,P.S. 095 Eastwood,All Grades,2018,All Students,607,36.8,0.7793,QUEENS
29Q109,Jean Nuzzi Intermediate School,All Grades,2018,All Students,601,20.4,0.5868,QUEENS
29Q116,P.S./I.S. 116 William C. Hughley,All Grades,2018,All Students,592,38.5,0.8155,QUEENS
29Q118,P.S. 118 Lorraine Hansberry,All Grades,2018,All Students,598,25.1,0.7401,QUEENS
29Q131,P.S. 131 Abigail Adams,All Grades,2018,All Students,612,19.3,0.7135,QUEENS
29Q132,P.S. 132 Ralph Bunche,All Grades,2018,All Students,600,25.3,0.6584,QUEENS
29Q134,P.S. 134 Hollis,All Grades,2018,All Students,596,31.8,0.7113,QUEENS
29Q135,The Bellaire School,All Grades,2018,All Students,600,24.6,0.6118,QUEENS
29Q136,P.S. 136 Roy Wilkins,All Grades,2018,All Students,597,32.9,0.6815,QUEENS
29Q138,P.S./M.S. 138 Sunrise,All Grades,2018,All Students,596,28.3,0.6325,QUEENS
29Q147,P.S./M.S. 147 Ronald McNair,All Grades,2018,All Students,595,26.8,0.5787,QUEENS
29Q156,P.S. 156 Laurelton,All Grades,2018,All Students,595,45.6,0.6480,QUEENS
29Q176,P.S. 176 Cambria Heights,All Grades,2018,All Students,609,13.5,0.4373,QUEENS
29Q181,P.S. 181 Brookfield,All Grades,2018,All Students,602,31,0.6463,QUEENS
29Q192,I.S. 192 The Linden,All Grades,2018,All Students,593,8.3,0.6122,QUEENS
29Q195,P.S. 195 William Haberle,All Grades,2018,All Students,596,27.6,0.5779,QUEENS
29Q208,P.S./I.S. 208,All Grades,2018,All Students,606,6.9,0.3378,QUEENS
29Q238,I.S. 238 - Susan B. Anthony Academy,All Grades,2018,All Students,594,28.5,0.7428,QUEENS
29Q251,P.S. 251 Queens,All Grades,2018,All Students,602,22.8,0.5505,QUEENS
29Q259,Pathways College Preparatory School: A College Boa,All Grades,2018,All Students,601,17.5,0.5081,QUEENS
29Q268,P.S./I.S. 268,All Grades,2018,All Students,603,20.2,0.7175,QUEENS
29Q270,The Gordon Parks School,All Grades,2018,All Students,601,12.7,0.4260,QUEENS
29Q283,Preparatory Academy for Writers: A College Board S,All Grades,2018,All Students,604,29.7,0.5429,QUEENS
29Q289,Queens United Middle School,All Grades,2018,All Students,594,26.9,0.5473,QUEENS
29Q295,P.S./I.S. 295,All Grades,2018,All Students,609,11.8,0.5961,QUEENS
29Q327,Eagle Academy for Young Men III,All Grades,2018,All Students,593,27.3,0.5488,QUEENS
29Q355,Collaborative Arts Middle School,All Grades,2018,All Students,592,21.6,0.6425,QUEENS
29Q356,Community Voices Middle School,All Grades,2018,All Students,593,36.6,0.6869,QUEENS
30Q002,P.S. 002 Alfred Zimberg,All Grades,2018,All Students,611,14.9,0.6146,QUEENS
30Q010,I.S. 010 Horace Greeley,All Grades,2018,All Students,602,17.7,0.7936,QUEENS
30Q011,P.S. 011 Kathryn Phelan,All Grades,2018,All Students,605,12.9,0.7052,QUEENS
30Q017,P.S. 017 Henry David Thoreau,All Grades,2018,All Students,597,23.7,0.7776,QUEENS
30Q069,P.S. 069 Jackson Heights,All Grades,2018,All Students,608,11.8,0.6594,QUEENS
30Q070,P.S. 070,All Grades,2018,All Students,605,19,0.7434,QUEENS
30Q076,P.S. 076 William Hallet,All Grades,2018,All Students,594,33.7,0.8506,QUEENS
30Q078,P.S./I.S. 78Q,All Grades,2018,All Students,612,15.8,0.2495,QUEENS
30Q084,P.S. 084 Steinway,All Grades,2018,All Students,612,22.8,0.6369,QUEENS
30Q085,P.S. 085 Judge Charles Vallone,All Grades,2018,All Students,611,18.1,0.5104,QUEENS
30Q092,P.S. 092 Harry T. Stewart Sr.,All Grades,2018,All Students,597,10.6,0.8603,QUEENS
30Q111,P.S. 111 Jacob Blackwell,All Grades,2018,All Students,585,45.2,0.9500,QUEENS
30Q112,P.S. 112 Dutch Kills,All Grades,2018,All Students,598,36.6,0.8697,QUEENS
30Q122,P.S. 122 Mamie Fay,All Grades,2018,All Students,619,11.6,0.4953,QUEENS
30Q126,Albert Shanker School for Visual and Performing Ar,All Grades,2018,All Students,601,22,0.7965,QUEENS
30Q127,P.S. 127 Aerospace Science Magnet School,All Grades,2018,All Students,599,25,0.7856,QUEENS
30Q141,I.S. 141 The Steinway,All Grades,2018,All Students,610,14.5,0.6224,QUEENS
30Q145,I.S. 145 Joseph Pulitzer,All Grades,2018,All Students,599,12,0.8331,QUEENS
30Q148,P.S. 148 Queens,All Grades,2018,All Students,596,16,0.8151,QUEENS
30Q149,P.S. 149 Christa Mcauliffe,All Grades,2018,All Students,599,12.7,0.7988,QUEENS
30Q150,P.S. 150 Queens,All Grades,2018,All Students,611,15.9,0.6279,QUEENS
30Q151,P.S. 151 Mary D. Carter,All Grades,2018,All Students,597,21.7,0.8455,QUEENS
30Q152,P.S. 152 Gwendoline N. Alleyne School,All Grades,2018,All Students,608,12,0.8099,QUEENS
30Q166,P.S. 166 Henry Gradstein,All Grades,2018,All Students,612,11.7,0.6412,QUEENS
30Q171,P.S. 171 Peter G. Van Alst,All Grades,2018,All Students,594,38.7,0.8791,QUEENS
30Q204,I.S. 204 Oliver W. Holmes,All Grades,2018,All Students,596,27.7,0.8829,QUEENS
30Q212,P.S. 212,All Grades,2018,All Students,605,13,0.6714,QUEENS
30Q227,I.S. 227 Louis Armstrong,All Grades,2018,All Students,613,8.8,0.6292,QUEENS
30Q230,I.S. 230,All Grades,2018,All Students,606,12,0.7302,QUEENS
30Q234,P.S. 234,All Grades,2018,All Students,608,19,0.7437,QUEENS
30Q235,Academy for New Americans,All Grades,2018,All Students,571,16.3,0.8264,QUEENS
30Q280,P.S. 280,All Grades,2018,All Students,600,13.5,0.8616,QUEENS
30Q286,"Young Women's Leadership School, Astoria",All Grades,2018,All Students,611,12.7,0.7232,QUEENS
30Q291,Hunters Point Community Middle School,All Grades,2018,All Students,608,12.8,0.5649,QUEENS
30Q300,The 30th Avenue School (G&T Citywide),All Grades,2018,All Students,631,5.5,0.2976,QUEENS
30Q329,East Elmhurst Community School,All Grades,2018,All Students,602,16.2,0.8054,QUEENS
30Q580,Baccalaureate School for Global Education,All Grades,2018,All Students,631,4.3,0.3961,QUEENS
31R001,P.S. 001 Tottenville,All Grades,2018,All Students,607,19.6,0.3623,STATEN ISLAND
31R002,I.S. R002 George L. Egbert,All Grades,2018,All Students,604,22.8,0.5928,STATEN ISLAND
31R003,P.S. 003 The Margaret Gioiosa School,All Grades,2018,All Students,610,12.5,0.2371,STATEN ISLAND
31R004,P.S. 004 Maurice Wollin,All Grades,2018,All Students,606,15,0.3722,STATEN ISLAND
31R005,P.S. 005 Huguenot,All Grades,2018,All Students,619,9.5,0.2237,STATEN ISLAND
31R006,P.S. 6 Corporal Allan F. Kivlehan School,All Grades,2018,All Students,609,17.7,0.3208,STATEN ISLAND
31R007,I.S. 007 Elias Bernstein,All Grades,2018,All Students,611,17.7,0.2730,STATEN ISLAND
31R008,P.S. 8 Shirlee Solomon,All Grades,2018,All Students,616,13.9,0.3194,STATEN ISLAND
31R009,Naples Street Elementary School,All Grades,2018,All Students,616,5.7,0.4125,STATEN ISLAND
31R010,Fort Hill Collaborative Elementary School,All Grades,2018,All Students,595,41.9,0.8843,STATEN ISLAND
31R011,P.S. 11 Thomas Dongan School,All Grades,2018,All Students,601,22.4,0.6759,STATEN ISLAND
31R013,P.S. 013 M. L. Lindemeyer,All Grades,2018,All Students,602,24.7,0.6906,STATEN ISLAND
31R016,P.S. 016 John J. Driscoll,All Grades,2018,All Students,590,36.8,0.9108,STATEN ISLAND
31R018,P.S. 018 John G. Whittier,All Grades,2018,All Students,597,44.2,0.9352,STATEN ISLAND
31R019,P.S. 019 The Curtis School,All Grades,2018,All Students,595,29.6,0.8202,STATEN ISLAND
31R020,P.S. 020 Port Richmond,All Grades,2018,All Students,596,28.5,0.9225,STATEN ISLAND
31R021,P.S. 21 Margaret Emery-Elm Park,All Grades,2018,All Students,597,37.6,0.8487,STATEN ISLAND
31R022,P.S. 022 Graniteville,All Grades,2018,All Students,598,29.3,0.7889,STATEN ISLAND
31R023,P.S. 023 Richmondtown,All Grades,2018,All Students,610,11.2,0.2954,STATEN ISLAND
31R024,I.S. 024 Myra S. Barnes,All Grades,2018,All Students,609,15.3,0.3313,STATEN ISLAND
31R026,P.S. 026 The Carteret School,All Grades,2018,All Students,611,17.1,0.4125,STATEN ISLAND
31R027,I.S. 027 Anning S. Prall,All Grades,2018,All Students,606,31.8,0.6563,STATEN ISLAND
31R028,The Eagle Academy for Young Men of Staten Island,All Grades,2018,All Students,595,38,0.7548,STATEN ISLAND
31R029,P.S. 029 Bardwell,All Grades,2018,All Students,608,14.1,0.4537,STATEN ISLAND
31R030,P.S. 030 Westerleigh,All Grades,2018,All Students,609,16.6,0.3196,STATEN ISLAND
31R031,P.S. 031 William T. Davis,All Grades,2018,All Students,587,42.1,0.9296,STATEN ISLAND
31R032,P.S. 032 The Gifford School,All Grades,2018,All Students,609,18.5,0.3048,STATEN ISLAND
31R034,I.S. 034 Tottenville,All Grades,2018,All Students,609,19.4,0.2716,STATEN ISLAND
31R035,P.S. 35 The Clove Valley School,All Grades,2018,All Students,617,10,0.3638,STATEN ISLAND
31R036,P.S. 036 J. C. Drumgoole,All Grades,2018,All Students,608,11.8,0.2732,STATEN ISLAND
31R038,P.S. 038 George Cromwell,All Grades,2018,All Students,600,22.5,0.5753,STATEN ISLAND
31R039,P.S. 39 Francis J. Murphy Jr.,All Grades,2018,All Students,600,31.1,0.6524,STATEN ISLAND
31R041,The Stephanie A. Vierno School,All Grades,2018,All Students,606,18.3,0.5633,STATEN ISLAND
31R042,P.S. 042 Eltingville,All Grades,2018,All Students,609,14.5,0.3104,STATEN ISLAND
31R044,P.S. 044 Thomas C. Brown,All Grades,2018,All Students,587,44.9,0.9159,STATEN ISLAND
31R045,P.S. 045 John Tyler,All Grades,2018,All Students,600,25.2,0.6637,STATEN ISLAND
31R046,P.S. 046 Albert V. Maniscalco,All Grades,2018,All Students,596,29.1,0.6886,STATEN ISLAND
31R048,P.S. 048 William G. Wilcox,All Grades,2018,All Students,611,11.8,0.3569,STATEN ISLAND
31R049,I.S. 49 Berta A. Dreyfus,All Grades,2018,All Students,592,33.8,0.8797,STATEN ISLAND
31R050,P.S. 050 Frank Hankinson,All Grades,2018,All Students,615,17.7,0.3145,STATEN ISLAND
31R051,I.S. 051 Edwin Markham,All Grades,2018,All Students,596,33.4,0.6985,STATEN ISLAND
31R052,P.S. 052 John C. Thompson,All Grades,2018,All Students,608,16.5,0.5141,STATEN ISLAND
31R053,The Barbara Esselborn School,All Grades,2018,All Students,613,15.5,0.2957,STATEN ISLAND
31R054,P.S. 054 Charles W. Leng,All Grades,2018,All Students,608,16.3,0.4998,STATEN ISLAND
31R055,P.S. 055 Henry M. Boehm,All Grades,2018,All Students,608,14.7,0.2694,STATEN ISLAND
31R056,P.S. 56 The Louis Desario School,All Grades,2018,All Students,609,13.1,0.3042,STATEN ISLAND
31R057,P.S. 057 Hubert H. Humphrey,All Grades,2018,All Students,590,33.7,0.8929,STATEN ISLAND
31R058,Space Shuttle Columbia School,All Grades,2018,All Students,605,20.5,0.4289,STATEN ISLAND
31R059,The Harbor View School,All Grades,2018,All Students,603,20.9,0.6162,STATEN ISLAND
31R060,P.S. 060 Alice Austen,All Grades,2018,All Students,600,20.1,0.4251,STATEN ISLAND
31R061,I.S. 061 William A Morris,All Grades,2018,All Students,596,34.1,0.7839,STATEN ISLAND
31R063,Marsh Avenue School for Expeditionary Learning,All Grades,2018,All Students,610,11.3,0.3397,STATEN ISLAND
31R065,P.S. 65 The Academy of Innovative Learning,All Grades,2018,All Students,609,14.4,0.5535,STATEN ISLAND
31R069,P.S. 069 Daniel D. Tompkins,All Grades,2018,All Students,604,13.3,0.4868,STATEN ISLAND
31R072,I.S. 072 Rocco Laurie,All Grades,2018,All Students,605,19.4,0.5062,STATEN ISLAND
31R074,P.S. 74 Future Leaders Elementary School,All Grades,2018,All Students,593,48.2,0.8903,STATEN ISLAND
31R075,I.S. 075 Frank D. Paulo,All Grades,2018,All Students,611,14.9,0.2955,STATEN ISLAND
31R078,P.S. 78,All Grades,2018,All Students,587,43.2,0.9457,STATEN ISLAND
31R080,The Michael J. Petrides School,All Grades,2018,All Students,607,18.3,0.4534,STATEN ISLAND
31R861,Staten Island School of Civic Leadership,All Grades,2018,All Students,608,22.3,0.6438,STATEN ISLAND
32K045,P.S./I.S. 045 Horace E. Greene,All Grades,2018,All Students,595,30.3,0.8699,BROOKLYN
32K075,P.S. 075 Mayda Cortiella,All Grades,2018,All Students,592,42.1,0.9409,BROOKLYN
32K086,P.S. 086 The Irvington,All Grades,2018,All Students,597,17.1,0.9316,BROOKLYN
32K106,P.S. 106 Edward Everett Hale,All Grades,2018,All Students,589,36.3,0.9065,BROOKLYN
32K116,P.S. 116 Elizabeth L Farrell,All Grades,2018,All Students,594,25.4,0.9256,BROOKLYN
32K123,P.S. 123 Suydam,All Grades,2018,All Students,594,19.6,0.8996,BROOKLYN
32K145,P.S. 145 Andrew Jackson,All Grades,2018,All Students,592,25.8,0.9450,BROOKLYN
32K151,P.S. 151 Lyndon B. Johnson,All Grades,2018,All Students,592,17.6,0.9140,BROOKLYN
32K162,J.H.S. 162 The Willoughby,All Grades,2018,All Students,592,24.6,0.9177,BROOKLYN
32K274,P.S. 274 Kosciusko,All Grades,2018,All Students,594,34.7,0.9009,BROOKLYN
32K291,J.H.S. 291 Roland Hayes,All Grades,2018,All Students,586,37.9,0.9500,BROOKLYN
32K299,P.S. 299 Thomas Warren Field,All Grades,2018,All Students,595,29.3,0.9222,BROOKLYN
32K347,I.S. 347 School of Humanities,All Grades,2018,All Students,589,30.7,0.9135,BROOKLYN
32K349,"I.S. 349 Math, Science & Tech.",All Grades,2018,All Students,592,23.8,0.9337,BROOKLYN
32K376,P.S. 376,All Grades,2018,All Students,612,15.9,0.8454,BROOKLYN
32K377,P.S. 377 Alejandrina B. De Gautier,All Grades,2018,All Students,584,33.1,0.8610,BROOKLYN
32K383,J.H.S. 383 Philippa Schuyler,All Grades,2018,All Students,608,16.5,0.7528,BROOKLYN
32K384,P.S. /I.S. 384 Frances E. Carter,All Grades,2018,All Students,592,30,0.9248,BROOKLYN
32K554,All City Leadership Secondary School,All Grades,2018,All Students,621,11.9,0.7083,BROOKLYN
32K562,Evergreen Middle School for Urban Exploration,All Grades,2018,All Students,593,14.2,0.9172,BROOKLYN
